period,market_id,temperature_c,temperature_min_c,temperature_max_c,observation_days,interest_index,below_one_share,source_resolution,label,country_iso2,country_iso3,scope,trends_geo,weather_source,latitude,longitude,timezone,hemisphere,climate_profile,analysis_role,year,month,month_name,interest_zscore,interest_scaled,temperature_climatology_c,interest_climatology,temperature_anomaly_c,interest_anomaly
2021-01-01,delhi,13.812903225806451,8.587096774193547,20.080645161290324,31,19.161290322580644,0.0,week,Delhi · India,IN,IND,region,IN-DL,open_meteo,28.6139,77.2090,Asia/Kolkata,north,hot semi-arid and monsoonal,comparison,2021,1,Jan,-1.0716984483836627,0.025160599571734464,13.030967741935484,19.303225806451614,0.7819354838709671,-0.1419354838709701
2021-02-01,delhi,18.564285714285713,11.50357142857143,26.275,28,26.607142857142858,0.0,week,Delhi · India,IN,IND,region,IN-DL,open_meteo,28.6139,77.2090,Asia/Kolkata,north,hot semi-arid and monsoonal,comparison,2021,2,Feb,-0.5370418349403342,0.14872667482410523,17.470862068965516,26.011330049261083,1.0934236453201969,0.5958128078817744
2021-03-01,delhi,24.451612903225808,17.080645161290324,32.15806451612903,31,40.193548387096776,0.0,week,Delhi · India,IN,IND,region,IN-DL,open_meteo,28.6139,77.2090,Asia/Kolkata,north,hot semi-arid and monsoonal,comparison,2021,3,Mar,0.4385431012096229,0.3741970021413276,23.119354838709675,39.4,1.3322580645161324,0.7935483870967772
2021-04-01,delhi,28.756666666666668,20.15,36.81666666666667,30,40.833333333333336,0.0,week,Delhi · India,IN,IND,region,IN-DL,open_meteo,28.6139,77.2090,Asia/Kolkata,north,hot semi-arid and monsoonal,comparison,2021,4,Apr,0.48448347554541055,0.3848144182726624,29.116666666666667,50.42666666666666,-0.35999999999999943,-9.593333333333327
2021-05-01,delhi,29.848387096774193,23.870967741935484,36.07741935483871,31,39.29032258064516,0.0,week,Delhi · India,IN,IND,region,IN-DL,open_meteo,28.6139,77.2090,Asia/Kolkata,north,hot semi-arid and monsoonal,comparison,2021,5,May,0.3736861021473344,0.3592077087794432,31.530967741935484,56.45161290322581,-1.6825806451612912,-17.161290322580648
2021-06-01,delhi,32.31333333333333,27.243333333333332,37.53333333333333,30,46.2,0.0,week,Delhi · India,IN,IND,region,IN-DL,open_meteo,28.6139,77.2090,Asia/Kolkata,north,hot semi-arid and monsoonal,comparison,2021,6,Jun,0.8698421449738404,0.4738758029978587,32.76866666666667,54.633333333333326,-0.4553333333333356,-8.433333333333323
2021-07-01,delhi,31.206451612903223,28.11935483870968,34.935483870967744,31,39.0,0.0,week,Delhi · India,IN,IND,region,IN-DL,open_meteo,28.6139,77.2090,Asia/Kolkata,north,hot semi-arid and monsoonal,comparison,2021,7,Jul,0.3528392095915989,0.35438972162740895,29.776129032258062,39.064516129032256,1.4303225806451607,-0.06451612903225623
2021-08-01,delhi,29.293548387096777,26.27741935483871,33.0,31,31.225806451612904,0.0,week,Delhi · India,IN,IND,region,IN-DL,open_meteo,28.6139,77.2090,Asia/Kolkata,north,hot semi-arid and monsoonal,comparison,2021,8,Aug,-0.20539424662309702,0.22537473233404712,28.87161290322581,30.380645161290325,0.4219354838709677,0.8451612903225794
2021-09-01,delhi,27.493333333333332,24.81,31.026666666666664,30,29.133333333333333,0.0,week,Delhi · India,IN,IND,region,IN-DL,open_meteo,28.6139,77.2090,Asia/Kolkata,north,hot semi-arid and monsoonal,comparison,2021,9,Sep,-0.3556462944507317,0.19064953604568163,28.074,29.080000000000002,-0.5806666666666693,0.05333333333333101
2021-10-01,delhi,24.76774193548387,19.864516129032257,30.39032258064516,31,25.225806451612904,0.0,week,Delhi · India,IN,IND,region,IN-DL,open_meteo,28.6139,77.2090,Asia/Kolkata,north,hot semi-arid and monsoonal,comparison,2021,10,Oct,-0.636230026108298,0.12580299785867238,25.015483870967742,24.774193548387096,-0.24774193548387302,0.4516129032258078
2021-11-01,delhi,19.266666666666666,13.096666666666666,26.136666666666667,30,19.433333333333337,0.0,week,Delhi · India,IN,IND,region,IN-DL,open_meteo,28.6139,77.2090,Asia/Kolkata,north,hot semi-arid and monsoonal,comparison,2021,11,Nov,-1.0521641379518065,0.029675231977159242,20.228,19.98,-0.9613333333333358,-0.5466666666666633
2021-12-01,delhi,14.78064516129032,9.516129032258064,20.929032258064513,31,19.451612903225808,0.0,week,Delhi · India,IN,IND,region,IN-DL,open_meteo,28.6139,77.2090,Asia/Kolkata,north,hot semi-arid and monsoonal,comparison,2021,12,Dec,-1.050851555827927,0.029978586723768765,15.226451612903224,19.529032258064515,-0.44580645161290455,-0.07741935483870677
2022-01-01,delhi,12.829032258064515,8.435483870967742,17.638709677419353,31,20.225806451612904,0.0,week,Delhi · India,IN,IND,region,IN-DL,open_meteo,28.6139,77.2090,Asia/Kolkata,north,hot semi-arid and monsoonal,comparison,2022,1,Jan,-0.9952598423459657,0.042826552462526785,13.030967741935484,19.303225806451614,-0.20193548387096882,0.9225806451612897
2022-02-01,delhi,15.732142857142858,9.846428571428572,22.135714285714283,28,29.107142857142858,0.0,week,Delhi · India,IN,IND,region,IN-DL,open_meteo,28.6139,77.2090,Asia/Kolkata,north,hot semi-arid and monsoonal,comparison,2022,2,Feb,-0.3575269268215004,0.19021489752217804,17.470862068965516,26.011330049261083,-1.7387192118226587,3.0958128078817744
2022-03-01,delhi,24.403225806451612,16.738709677419354,32.10322580645161,31,44.54838709677419,0.0,week,Delhi · India,IN,IND,region,IN-DL,open_meteo,28.6139,77.2090,Asia/Kolkata,north,hot semi-arid and monsoonal,comparison,2022,3,Mar,0.7512464895456558,0.44646680942184147,23.119354838709675,39.4,1.2838709677419367,5.148387096774194
2022-04-01,delhi,31.063333333333333,22.046666666666667,39.59,30,55.63333333333333,0.0,week,Delhi · India,IN,IND,region,IN-DL,open_meteo,28.6139,77.2090,Asia/Kolkata,north,hot semi-arid and monsoonal,comparison,2022,4,Apr,1.5472117316089062,0.6304246966452532,29.116666666666667,50.42666666666666,1.9466666666666654,5.2066666666666706
2022-05-01,delhi,32.61290322580645,25.970967741935485,39.37096774193548,31,55.16129032258065,0.0,week,Delhi · India,IN,IND,region,IN-DL,open_meteo,28.6139,77.2090,Asia/Kolkata,north,hot semi-arid and monsoonal,comparison,2022,5,May,1.5133162285275439,0.6225910064239828,31.530967741935484,56.45161290322581,1.0819354838709643,-1.2903225806451601
2022-06-01,delhi,33.74666666666666,28.283333333333335,39.37,30,50.93333333333333,0.0,week,Delhi · India,IN,IND,region,IN-DL,open_meteo,28.6139,77.2090,Asia/Kolkata,north,hot semi-arid and monsoonal,comparison,2022,6,Jun,1.2097237043454985,0.5524268379728764,32.76866666666667,54.633333333333326,0.9779999999999944,-3.6999999999999957
2022-07-01,delhi,29.53548387096774,26.796774193548387,33.10645161290322,31,38.03225806451613,0.0,week,Delhi · India,IN,IND,region,IN-DL,open_meteo,28.6139,77.2090,Asia/Kolkata,north,hot semi-arid and monsoonal,comparison,2022,7,Jul,0.2833495677391471,0.3383297644539614,29.776129032258062,39.064516129032256,-0.24064516129032043,-1.0322580645161281
2022-08-01,delhi,28.77741935483871,26.106451612903225,31.970967741935485,31,28.387096774193548,0.0,week,Delhi · India,IN,IND,region,IN-DL,open_meteo,28.6139,77.2090,Asia/Kolkata,north,hot semi-arid and monsoonal,comparison,2022,8,Aug,-0.409230529390289,0.17826552462526765,28.87161290322581,30.380645161290325,-0.09419354838709992,-1.9935483870967765
2022-09-01,delhi,28.39,24.986666666666668,32.28,30,29.1,0.0,week,Delhi · India,IN,IND,region,IN-DL,open_meteo,28.6139,77.2090,Asia/Kolkata,north,hot semi-arid and monsoonal,comparison,2022,9,Sep,-0.3580398265589827,0.1900963597430407,28.074,29.080000000000002,0.31599999999999895,0.019999999999999574
2022-10-01,delhi,23.822580645161292,18.92258064516129,29.203225806451613,31,24.967741935483872,0.0,week,Delhi · India,IN,IND,region,IN-DL,open_meteo,28.6139,77.2090,Asia/Kolkata,north,hot semi-arid and monsoonal,comparison,2022,10,Oct,-0.6547605972689519,0.12152034261241972,25.015483870967742,24.774193548387096,-1.1929032258064503,0.1935483870967758
2022-11-01,delhi,20.17,14.336666666666668,26.80666666666667,30,20.266666666666666,0.0,week,Delhi · India,IN,IND,region,IN-DL,open_meteo,28.6139,77.2090,Asia/Kolkata,north,hot semi-arid and monsoonal,comparison,2022,11,Nov,-0.9923258352455289,0.043504639543183427,20.228,19.98,-0.05799999999999983,0.2866666666666653
2022-12-01,delhi,15.206451612903225,9.258064516129032,22.396774193548385,31,18.548387096774192,0.0,week,Delhi · India,IN,IND,region,IN-DL,open_meteo,28.6139,77.2090,Asia/Kolkata,north,hot semi-arid and monsoonal,comparison,2022,12,Dec,-1.1157085548902155,0.014989293361884353,15.226451612903224,19.529032258064515,-0.019999999999999574,-0.9806451612903224
2023-01-01,delhi,12.73225806451613,7.490322580645161,18.861290322580647,31,19.516129032258064,0.0,week,Delhi · India,IN,IND,region,IN-DL,open_meteo,28.6139,77.2090,Asia/Kolkata,north,hot semi-arid and monsoonal,comparison,2023,1,Jan,-1.0462189130377637,0.031049250535331904,13.030967741935484,19.303225806451614,-0.29870967741935495,0.21290322580644983
2023-02-01,delhi,18.839285714285715,11.867857142857144,26.50714285714286,28,25.928571428571427,0.0,week,Delhi · India,IN,IND,region,IN-DL,open_meteo,28.6139,77.2090,Asia/Kolkata,north,hot semi-arid and monsoonal,comparison,2023,2,Feb,-0.5857673100011607,0.13746558580605686,17.470862068965516,26.011330049261083,1.368423645320199,-0.08275862068965623
2023-03-01,delhi,22.32903225806452,16.219354838709677,28.9,31,39.87096774193548,0.0,week,Delhi · India,IN,IND,region,IN-DL,open_meteo,28.6139,77.2090,Asia/Kolkata,north,hot semi-arid and monsoonal,comparison,2023,3,Mar,0.4153798872588053,0.3688436830835117,23.119354838709675,39.4,-0.7903225806451566,0.47096774193548185
2023-04-01,delhi,26.846666666666668,19.423333333333336,34.11,30,51.233333333333334,0.0,week,Delhi · India,IN,IND,region,IN-DL,open_meteo,28.6139,77.2090,Asia/Kolkata,north,hot semi-arid and monsoonal,comparison,2023,4,Apr,1.2312654933197589,0.5574054246966452,29.116666666666667,50.42666666666666,-2.2699999999999996,0.806666666666672
2023-05-01,delhi,29.44838709677419,22.851612903225806,36.148387096774194,31,51.645161290322584,0.0,week,Delhi · India,IN,IND,region,IN-DL,open_meteo,28.6139,77.2090,Asia/Kolkata,north,hot semi-arid and monsoonal,comparison,2023,5,May,1.2608371964636358,0.5642398286937901,31.530967741935484,56.45161290322581,-2.0825806451612934,-4.806451612903224
2023-06-01,delhi,31.44333333333333,26.58,36.45333333333333,30,55.06666666666667,0.0,week,Delhi · India,IN,IND,region,IN-DL,open_meteo,28.6139,77.2090,Asia/Kolkata,north,hot semi-arid and monsoonal,comparison,2023,6,Jun,1.5065216857686377,0.6210206995003569,32.76866666666667,54.633333333333326,-1.3253333333333366,0.43333333333334423
2023-07-01,delhi,29.116129032258065,26.425806451612903,32.55161290322581,31,38.16129032258065,0.0,week,Delhi · India,IN,IND,region,IN-DL,open_meteo,28.6139,77.2090,Asia/Kolkata,north,hot semi-arid and monsoonal,comparison,2023,7,Jul,0.29261485331947423,0.3404710920770878,29.776129032258062,39.064516129032256,-0.6599999999999966,-0.9032258064516085
2023-08-01,delhi,29.851612903225806,26.729032258064517,33.40967741935484,31,32.12903225806452,0.0,week,Delhi · India,IN,IND,region,IN-DL,open_meteo,28.6139,77.2090,Asia/Kolkata,north,hot semi-arid and monsoonal,comparison,2023,8,Aug,-0.1405372475608085,0.24036402569593152,28.87161290322581,30.380645161290325,0.9799999999999969,1.748387096774195
2023-09-01,delhi,28.886666666666667,24.99,33.29666666666667,30,29.333333333333332,0.0,week,Delhi · India,IN,IND,region,IN-DL,open_meteo,28.6139,77.2090,Asia/Kolkata,north,hot semi-arid and monsoonal,comparison,2023,9,Sep,-0.34128510180122507,0.19396859386152746,28.074,29.080000000000002,0.8126666666666651,0.2533333333333303
2023-10-01,delhi,25.741935483870968,19.203225806451613,32.60645161290323,31,25.225806451612904,0.0,week,Delhi · India,IN,IND,region,IN-DL,open_meteo,28.6139,77.2090,Asia/Kolkata,north,hot semi-arid and monsoonal,comparison,2023,10,Oct,-0.636230026108298,0.12580299785867238,25.015483870967742,24.774193548387096,0.7264516129032259,0.4516129032258078
2023-11-01,delhi,21.136666666666667,15.363333333333332,27.4,30,18.233333333333334,0.0,week,Delhi · India,IN,IND,region,IN-DL,open_meteo,28.6139,77.2090,Asia/Kolkata,north,hot semi-arid and monsoonal,comparison,2023,11,Nov,-1.1383312938488468,0.00976088508208425,20.228,19.98,0.9086666666666652,-1.7466666666666661
2023-12-01,delhi,15.938709677419356,10.01290322580645,22.88064516129032,31,18.225806451612904,0.0,week,Delhi · India,IN,IND,region,IN-DL,open_meteo,28.6139,77.2090,Asia/Kolkata,north,hot semi-arid and monsoonal,comparison,2023,12,Dec,-1.1388717688410326,0.009635974304068541,15.226451612903224,19.529032258064515,0.7122580645161314,-1.3032258064516107
2024-01-01,delhi,12.070967741935483,6.509677419354839,18.596774193548388,31,18.225806451612904,0.0,week,Delhi · India,IN,IND,region,IN-DL,open_meteo,28.6139,77.2090,Asia/Kolkata,north,hot semi-arid and monsoonal,comparison,2024,1,Jan,-1.1388717688410326,0.009635974304068541,13.030967741935484,19.303225806451614,-0.9600000000000009,-1.0774193548387103
2024-02-01,delhi,16.279310344827586,10.12758620689655,23.04137931034483,29,23.41379310344828,0.0,week,Delhi · India,IN,IND,region,IN-DL,open_meteo,28.6139,77.2090,Asia/Kolkata,north,hot semi-arid and monsoonal,comparison,2024,2,Feb,-0.7663433899906471,0.09573211253045863,17.470862068965516,26.011330049261083,-1.1915517241379305,-2.597536945812802
2024-03-01,delhi,21.648387096774194,14.59032258064516,28.874193548387098,31,33.225806451612904,0.0,week,Delhi · India,IN,IND,region,IN-DL,open_meteo,28.6139,77.2090,Asia/Kolkata,north,hot semi-arid and monsoonal,comparison,2024,3,Mar,-0.06178232012802999,0.25856531049250536,23.119354838709675,39.4,-1.4709677419354819,-6.174193548387095
2024-04-01,delhi,28.84333333333333,21.12,36.31333333333334,30,47.833333333333336,0.0,week,Delhi · India,IN,IND,region,IN-DL,open_meteo,28.6139,77.2090,Asia/Kolkata,north,hot semi-arid and monsoonal,comparison,2024,4,Apr,0.9871252182781451,0.5009814418272662,29.116666666666667,50.42666666666666,-0.273333333333337,-2.5933333333333266
2024-05-01,delhi,33.9483870967742,26.070967741935487,41.351612903225806,31,58.25806451612903,0.0,week,Delhi · India,IN,IND,region,IN-DL,open_meteo,28.6139,77.2090,Asia/Kolkata,north,hot semi-arid and monsoonal,comparison,2024,5,May,1.7356830824553895,0.6739828693790149,31.530967741935484,56.45161290322581,2.4174193548387137,1.8064516129032242
2024-06-01,delhi,34.81333333333334,29.30666666666667,40.406666666666666,30,55.666666666666664,0.0,week,Delhi · India,IN,IND,region,IN-DL,open_meteo,28.6139,77.2090,Asia/Kolkata,north,hot semi-arid and monsoonal,comparison,2024,6,Jun,1.5496052637171573,0.6309778729478942,32.76866666666667,54.633333333333326,2.0446666666666715,1.0333333333333385
2024-07-01,delhi,30.248387096774195,27.483870967741936,33.46774193548387,31,37.064516129032256,0.0,week,Delhi · India,IN,IND,region,IN-DL,open_meteo,28.6139,77.2090,Asia/Kolkata,north,hot semi-arid and monsoonal,comparison,2024,7,Jul,0.21385992588669522,0.32226980728051385,29.776129032258062,39.064516129032256,0.47225806451613295,-2.0
2024-08-01,delhi,28.280645161290323,26.04516129032258,31.493548387096773,31,27.29032258064516,0.0,week,Delhi · India,IN,IND,region,IN-DL,open_meteo,28.6139,77.2090,Asia/Kolkata,north,hot semi-arid and monsoonal,comparison,2024,8,Aug,-0.4879854568230677,0.16006423982869375,28.87161290322581,30.380645161290325,-0.5909677419354864,-3.0903225806451644
2024-09-01,delhi,27.513333333333332,24.686666666666667,31.02,30,27.0,0.0,week,Delhi · India,IN,IND,region,IN-DL,open_meteo,28.6139,77.2090,Asia/Kolkata,north,hot semi-arid and monsoonal,comparison,2024,9,Sep,-0.5088323493788032,0.1552462526766595,28.074,29.080000000000002,-0.5606666666666698,-2.080000000000002
2024-10-01,delhi,26.4,20.883870967741935,32.45483870967742,31,23.548387096774192,0.0,week,Delhi · India,IN,IND,region,IN-DL,open_meteo,28.6139,77.2090,Asia/Kolkata,north,hot semi-arid and monsoonal,comparison,2024,10,Oct,-0.756678738652548,0.09796573875802995,25.015483870967742,24.774193548387096,1.3845161290322565,-1.225806451612904
2024-11-01,delhi,21.653333333333332,15.913333333333332,27.83,30,19.133333333333333,0.0,week,Delhi · India,IN,IND,region,IN-DL,open_meteo,28.6139,77.2090,Asia/Kolkata,north,hot semi-arid and monsoonal,comparison,2024,11,Nov,-1.073705926926067,0.024696645253390433,20.228,19.98,1.425333333333331,-0.8466666666666676
2024-12-01,delhi,14.883870967741936,9.387096774193548,21.283870967741933,31,17.64516129032258,0.0,week,Delhi · India,IN,IND,region,IN-DL,open_meteo,28.6139,77.2090,Asia/Kolkata,north,hot semi-arid and monsoonal,comparison,2024,12,Dec,-1.1805655539525037,0.0,15.226451612903224,19.529032258064515,-0.34258064516128783,-1.8838709677419345
2025-01-01,delhi,13.709677419354838,8.332258064516129,20.25483870967742,31,19.387096774193548,0.0,week,Delhi · India,IN,IND,region,IN-DL,open_meteo,28.6139,77.2090,Asia/Kolkata,north,hot semi-arid and monsoonal,comparison,2025,1,Jan,-1.0554841986180905,0.028907922912205567,13.030967741935484,19.303225806451614,0.678709677419354,0.08387096774193381
2025-02-01,delhi,17.939285714285713,12.00357142857143,24.717857142857145,28,25.0,0.0,week,Delhi · India,IN,IND,region,IN-DL,open_meteo,28.6139,77.2090,Asia/Kolkata,north,hot semi-arid and monsoonal,comparison,2025,2,Feb,-0.6524442758738702,0.12205567451820128,17.470862068965516,26.011330049261083,0.46842364532019687,-1.0113300492610833
2025-03-01,delhi,22.76451612903226,15.40967741935484,30.293548387096777,31,39.16129032258065,0.0,week,Delhi · India,IN,IND,region,IN-DL,open_meteo,28.6139,77.2090,Asia/Kolkata,north,hot semi-arid and monsoonal,comparison,2025,3,Mar,0.36442081656700775,0.35706638115631695,23.119354838709675,39.4,-0.3548387096774164,-0.2387096774193509
2025-04-01,delhi,30.073333333333338,22.153333333333332,37.623333333333335,30,56.6,0.0,week,Delhi · India,IN,IND,region,IN-DL,open_meteo,28.6139,77.2090,Asia/Kolkata,north,hot semi-arid and monsoonal,comparison,2025,4,Apr,1.6166241627481888,0.6464668094218414,29.116666666666667,50.42666666666666,0.9566666666666706,6.173333333333339
2025-05-01,delhi,31.796774193548387,26.116129032258065,37.82258064516129,31,77.90322580645162,0.0,week,Delhi · India,IN,IND,region,IN-DL,open_meteo,28.6139,77.2090,Asia/Kolkata,north,hot semi-arid and monsoonal,comparison,2025,5,May,3.146322812060161,1.0,31.530967741935484,56.45161290322581,0.26580645161290306,21.451612903225808
2025-06-01,delhi,31.526666666666664,27.253333333333337,36.05333333333333,30,65.3,0.0,week,Delhi · India,IN,IND,region,IN-DL,open_meteo,28.6139,77.2090,Asia/Kolkata,north,hot semi-arid and monsoonal,comparison,2025,6,Jun,2.24133604300173,0.7908458244111348,32.76866666666667,54.633333333333326,-1.2420000000000044,10.666666666666671
2025-07-01,delhi,28.774193548387096,26.258064516129032,32.14193548387097,31,43.064516129032256,0.0,week,Delhi · India,IN,IND,region,IN-DL,open_meteo,28.6139,77.2090,Asia/Kolkata,north,hot semi-arid and monsoonal,comparison,2025,7,Jul,0.6446957053718962,0.42184154175588856,29.776129032258062,39.064516129032256,-1.001935483870966,4.0
2025-08-01,delhi,28.154838709677417,25.906451612903226,31.161290322580644,31,32.87096774193548,0.0,week,Delhi · India,IN,IND,region,IN-DL,open_meteo,28.6139,77.2090,Asia/Kolkata,north,hot semi-arid and monsoonal,comparison,2025,8,Aug,-0.08726185547392927,0.25267665952890783,28.87161290322581,30.380645161290325,-0.7167741935483924,2.490322580645156
2025-09-01,delhi,28.086666666666662,24.676666666666662,32.18,30,30.833333333333332,0.0,week,Delhi · India,IN,IND,region,IN-DL,open_meteo,28.6139,77.2090,Asia/Kolkata,north,hot semi-arid and monsoonal,comparison,2025,9,Sep,-0.2335761569299248,0.21886152748037113,28.074,29.080000000000002,0.01266666666666083,1.7533333333333303
2025-10-01,delhi,24.345161290322583,19.60967741935484,29.37741935483871,31,24.903225806451612,0.0,week,Delhi · India,IN,IND,region,IN-DL,open_meteo,28.6139,77.2090,Asia/Kolkata,north,hot semi-arid and monsoonal,comparison,2025,10,Oct,-0.6593932400591155,0.12044967880085651,25.015483870967742,24.774193548387096,-0.6703225806451591,0.12903225806451601
2025-11-01,delhi,18.913333333333338,12.446666666666664,26.12,30,22.833333333333332,0.0,week,Delhi · India,IN,IND,region,IN-DL,open_meteo,28.6139,77.2090,Asia/Kolkata,north,hot semi-arid and monsoonal,comparison,2025,11,Nov,-0.8080238629101929,0.08609921484653817,20.228,19.98,-1.314666666666664,2.8533333333333317
2025-12-01,delhi,15.32258064516129,9.390322580645162,22.506451612903227,31,23.774193548387096,0.0,week,Delhi · India,IN,IND,region,IN-DL,open_meteo,28.6139,77.2090,Asia/Kolkata,north,hot semi-arid and monsoonal,comparison,2025,12,Dec,-0.7404644888869758,0.10171306209850106,15.226451612903224,19.529032258064515,0.0961290322580659,4.2451612903225815
2021-01-01,johannesburg,19.403225806451612,15.274193548387096,24.280645161290323,31,65.64516129032258,0.0,week,Johannesburg · South Africa,ZA,ZAF,region,ZA-GT,open_meteo,-26.2041,28.0473,Africa/Johannesburg,south,subtropical highland,comparison,2021,1,Jan,0.6371989307374818,0.5864414465480102,19.243225806451612,58.69677419354839,0.16000000000000014,6.948387096774184
2021-02-01,johannesburg,17.882142857142856,13.857142857142858,22.564285714285713,28,50.964285714285715,0.0,week,Johannesburg · South Africa,ZA,ZAF,region,ZA-GT,open_meteo,-26.2041,28.0473,Africa/Johannesburg,south,subtropical highland,comparison,2021,2,Feb,-0.45860438864854847,0.27687984841368807,18.95485221674877,54.220935960591135,-1.0727093596059127,-3.256650246305419
2021-03-01,johannesburg,17.41290322580645,12.36774193548387,22.958064516129035,31,49.193548387096776,0.0,week,Johannesburg · South Africa,ZA,ZAF,region,ZA-GT,open_meteo,-26.2041,28.0473,Africa/Johannesburg,south,subtropical highland,comparison,2021,3,Mar,-0.5907749687235958,0.23954200204058493,18.083225806451615,54.25806451612904,-0.6703225806451663,-5.064516129032263
2021-04-01,johannesburg,16.393333333333334,10.056666666666668,23.126666666666665,30,45.3,0.0,week,Johannesburg · South Africa,ZA,ZAF,region,ZA-GT,open_meteo,-26.2041,28.0473,Africa/Johannesburg,south,subtropical highland,comparison,2021,4,Apr,-0.8813954582627179,0.15744246684049415,14.982666666666665,46.55333333333333,1.4106666666666694,-1.2533333333333303
2021-05-01,johannesburg,12.258064516129032,5.819354838709677,19.270967741935483,31,39.70967741935484,0.0,week,Johannesburg · South Africa,ZA,ZAF,region,ZA-GT,open_meteo,-26.2041,28.0473,Africa/Johannesburg,south,subtropical highland,comparison,2021,5,May,-1.2986658048835114,0.039564675206892615,12.258709677419354,42.52258064516129,-0.0006451612903219939,-2.8129032258064512
2021-06-01,johannesburg,9.686666666666667,3.52,16.54,30,37.833333333333336,0.0,week,Johannesburg · South Africa,ZA,ZAF,region,ZA-GT,open_meteo,-26.2041,28.0473,Africa/Johannesburg,south,subtropical highland,comparison,2021,6,Jun,-1.438719037207667,0.0,9.152666666666667,39.94,0.5340000000000007,-2.106666666666662
2021-07-01,johannesburg,8.319354838709677,1.4967741935483871,15.77741935483871,31,40.41935483870968,0.0,week,Johannesburg · South Africa,ZA,ZAF,region,ZA-GT,open_meteo,-26.2041,28.0473,Africa/Johannesburg,south,subtropical highland,comparison,2021,7,Jul,-1.245694381769504,0.05452896496995805,9.284516129032259,43.012903225806454,-0.9651612903225821,-2.5935483870967744
2021-08-01,johannesburg,12.65483870967742,5.516129032258065,20.419354838709676,31,49.096774193548384,0.0,week,Johannesburg · South Africa,ZA,ZAF,region,ZA-GT,open_meteo,-26.2041,28.0473,Africa/Johannesburg,south,subtropical highland,comparison,2021,8,Aug,-0.597998344602779,0.2375014170728941,12.816774193548387,57.10322580645161,-0.16193548387096612,-8.006451612903227
2021-09-01,johannesburg,16.970000000000002,9.313333333333333,24.78,30,62.333333333333336,0.0,week,Johannesburg · South Africa,ZA,ZAF,region,ZA-GT,open_meteo,-26.2041,28.0473,Africa/Johannesburg,south,subtropical highland,comparison,2021,9,Sep,0.3899989562054482,0.5166080943203718,17.014666666666663,72.45333333333333,-0.04466666666666086,-10.119999999999997
2021-10-01,johannesburg,16.46451612903226,10.112903225806452,23.080645161290324,31,59.354838709677416,0.0,week,Johannesburg · South Africa,ZA,ZAF,region,ZA-GT,open_meteo,-26.2041,28.0473,Africa/Johannesburg,south,subtropical highland,comparison,2021,10,Oct,0.16767949859059908,0.4538034236481123,18.01741935483871,74.43225806451612,-1.5529032258064532,-15.077419354838703
2021-11-01,johannesburg,18.913333333333338,12.696666666666664,25.633333333333333,30,61.1,0.0,week,Johannesburg · South Africa,ZA,ZAF,region,ZA-GT,open_meteo,-26.2041,28.0473,Africa/Johannesburg,south,subtropical highland,comparison,2021,11,Nov,0.29794104361186274,0.4906019725654687,18.452,68.72,0.4613333333333358,-7.619999999999997
2021-12-01,johannesburg,17.812903225806455,13.496774193548386,22.758064516129032,31,63.516129032258064,0.0,week,Johannesburg · South Africa,ZA,ZAF,region,ZA-GT,open_meteo,-26.2041,28.0473,Africa/Johannesburg,south,subtropical highland,comparison,2021,12,Dec,0.47828466139546016,0.5415485772588141,19.068387096774195,73.38709677419355,-1.2554838709677405,-9.870967741935488
2022-01-01,johannesburg,18.31935483870968,13.980645161290322,23.135483870967743,31,52.96774193548387,0.0,week,Johannesburg · South Africa,ZA,ZAF,region,ZA-GT,open_meteo,-26.2041,28.0473,Africa/Johannesburg,south,subtropical highland,comparison,2022,1,Jan,-0.3090633094354662,0.3191248157805237,19.243225806451612,58.69677419354839,-0.9238709677419337,-5.729032258064521
2022-02-01,johannesburg,19.042857142857144,13.710714285714284,24.567857142857143,28,58.142857142857146,0.0,week,Johannesburg · South Africa,ZA,ZAF,region,ZA-GT,open_meteo,-26.2041,28.0473,Africa/Johannesburg,south,subtropical highland,comparison,2022,2,Feb,0.07721531496083382,0.42824752619560463,18.95485221674877,54.220935960591135,0.08800492610837551,3.9219211822660114
2022-03-01,johannesburg,17.1,12.667741935483871,22.003225806451617,31,52.354838709677416,0.0,week,Johannesburg · South Africa,ZA,ZAF,region,ZA-GT,open_meteo,-26.2041,28.0473,Africa/Johannesburg,south,subtropical highland,comparison,2022,3,Mar,-0.35481135667029096,0.30620111098514896,18.083225806451615,54.25806451612904,-0.983225806451614,-1.9032258064516228
2022-04-01,johannesburg,13.333333333333334,8.863333333333333,18.243333333333332,30,42.333333333333336,0.0,week,Johannesburg · South Africa,ZA,ZAF,region,ZA-GT,open_meteo,-26.2041,28.0473,Africa/Johannesburg,south,subtropical highland,comparison,2022,4,Apr,-1.1028320588256662,0.09488720099761931,14.982666666666665,46.55333333333333,-1.649333333333331,-4.219999999999992
2022-05-01,johannesburg,11.183870967741935,5.570967741935483,17.287096774193547,31,40.354838709677416,0.0,week,Johannesburg · South Africa,ZA,ZAF,region,ZA-GT,open_meteo,-26.2041,28.0473,Africa/Johannesburg,south,subtropical highland,comparison,2022,5,May,-1.2505099656889596,0.05316857499149744,12.258709677419354,42.52258064516129,-1.0748387096774188,-2.1677419354838747
2022-06-01,johannesburg,8.29,2.716666666666667,14.906666666666666,30,38.766666666666666,0.0,week,Johannesburg · South Africa,ZA,ZAF,region,ZA-GT,open_meteo,-26.2041,28.0473,Africa/Johannesburg,south,subtropical highland,comparison,2022,6,Jun,-1.3690535898395486,0.019680308355061713,9.152666666666667,39.94,-0.8626666666666676,-1.173333333333332
2022-07-01,johannesburg,9.796774193548387,3.42258064516129,16.712903225806453,31,45.12903225806452,0.0,week,Johannesburg · South Africa,ZA,ZAF,region,ZA-GT,open_meteo,-26.2041,28.0473,Africa/Johannesburg,south,subtropical highland,comparison,2022,7,Jul,-0.8941567556492738,0.15383743339757397,9.284516129032259,43.012903225806454,0.5122580645161285,2.1161290322580655
2022-08-01,johannesburg,12.216129032258063,5.04516129032258,19.509677419354837,31,55.03225806451613,0.0,week,Johannesburg · South Africa,ZA,ZAF,region,ZA-GT,open_meteo,-26.2041,28.0473,Africa/Johannesburg,south,subtropical highland,comparison,2022,8,Aug,-0.1549646240128997,0.3626572950912594,12.816774193548387,57.10322580645161,-0.6006451612903234,-2.0709677419354833
2022-09-01,johannesburg,17.303333333333335,9.786666666666669,24.923333333333336,30,73.53333333333333,0.0,week,Johannesburg · South Africa,ZA,ZAF,region,ZA-GT,open_meteo,-26.2041,28.0473,Africa/Johannesburg,south,subtropical highland,comparison,2022,9,Sep,1.225984324622872,0.7527717945811131,17.014666666666663,72.45333333333333,0.2886666666666713,1.0799999999999983
2022-10-01,johannesburg,20.038709677419355,13.480645161290322,26.758064516129032,31,82.58064516129032,0.0,week,Johannesburg · South Africa,ZA,ZAF,region,ZA-GT,open_meteo,-26.2041,28.0473,Africa/Johannesburg,south,subtropical highland,comparison,2022,10,Oct,1.9012897095944739,0.9435438158938894,18.01741935483871,74.43225806451612,2.0212903225806436,8.1483870967742
2022-11-01,johannesburg,17.363333333333333,12.626666666666669,22.56,30,66.9,0.0,week,Johannesburg · South Africa,ZA,ZAF,region,ZA-GT,open_meteo,-26.2041,28.0473,Africa/Johannesburg,south,subtropical highland,comparison,2022,11,Nov,0.7308620379708862,0.6129010316290671,18.452,68.72,-1.0886666666666684,-1.8199999999999932
2022-12-01,johannesburg,18.31935483870968,13.803225806451612,23.161290322580644,31,68.87096774193549,0.0,week,Johannesburg · South Africa,ZA,ZAF,region,ZA-GT,open_meteo,-26.2041,28.0473,Africa/Johannesburg,south,subtropical highland,comparison,2022,12,Dec,0.8779781267102427,0.654460945471035,19.068387096774195,73.38709677419355,-0.749032258064517,-4.516129032258064
2023-01-01,johannesburg,19.716129032258067,13.829032258064515,25.345161290322583,31,57.58064516129032,0.0,week,Johannesburg · South Africa,ZA,ZAF,region,ZA-GT,open_meteo,-26.2041,28.0473,Africa/Johannesburg,south,subtropical highland,comparison,2023,1,Jan,0.0352509408055809,0.4163926992404488,19.243225806451612,58.69677419354839,0.47290322580645494,-1.1161290322580726
2023-02-01,johannesburg,18.125,14.139285714285714,22.782142857142855,28,47.464285714285715,0.0,week,Johannesburg · South Africa,ZA,ZAF,region,ZA-GT,open_meteo,-26.2041,28.0473,Africa/Johannesburg,south,subtropical highland,comparison,2023,2,Feb,-0.7198498162789935,0.20307869208220639,18.95485221674877,54.220935960591135,-0.829852216748769,-6.756650246305419
2023-03-01,johannesburg,18.200000000000003,12.974193548387095,23.693548387096776,31,54.774193548387096,0.0,week,Johannesburg · South Africa,ZA,ZAF,region,ZA-GT,open_meteo,-26.2041,28.0473,Africa/Johannesburg,south,subtropical highland,comparison,2023,3,Mar,-0.17422695969072052,0.35721573517741745,18.083225806451615,54.25806451612904,0.11677419354838747,0.516129032258057
2023-04-01,johannesburg,15.78,9.693333333333332,22.17,30,52.03333333333333,0.0,week,Johannesburg · South Africa,ZA,ZAF,region,ZA-GT,open_meteo,-26.2041,28.0473,Africa/Johannesburg,south,subtropical highland,comparison,2023,4,Apr,-0.378809016535576,0.2994218342591542,14.982666666666665,46.55333333333333,0.7973333333333343,5.480000000000004
2023-05-01,johannesburg,12.435483870967742,7.27741935483871,18.432258064516127,31,40.61290322580645,0.0,week,Johannesburg · South Africa,ZA,ZAF,region,ZA-GT,open_meteo,-26.2041,28.0473,Africa/Johannesburg,south,subtropical highland,comparison,2023,5,May,-1.2312476300111388,0.05861013490533941,12.258709677419354,42.52258064516129,0.17677419354838797,-1.9096774193548427
2023-06-01,johannesburg,9.993333333333334,4.1066666666666665,17.19333333333333,30,40.766666666666666,0.0,week,Johannesburg · South Africa,ZA,ZAF,region,ZA-GT,open_meteo,-26.2041,28.0473,Africa/Johannesburg,south,subtropical highland,comparison,2023,6,Jun,-1.219770488336437,0.06185239768733696,9.152666666666667,39.94,0.8406666666666673,0.826666666666668
2023-07-01,johannesburg,9.035483870967743,2.8870967741935485,16.087096774193547,31,41.225806451612904,0.0,week,Johannesburg · South Africa,ZA,ZAF,region,ZA-GT,open_meteo,-26.2041,28.0473,Africa/Johannesburg,south,subtropical highland,comparison,2023,7,Jul,-1.185499582776314,0.07153383970071417,9.284516129032259,43.012903225806454,-0.24903225806451523,-1.7870967741935502
2023-08-01,johannesburg,12.387096774193548,4.974193548387096,20.316129032258065,31,60.54838709677419,0.0,week,Johannesburg · South Africa,ZA,ZAF,region,ZA-GT,open_meteo,-26.2041,28.0473,Africa/Johannesburg,south,subtropical highland,comparison,2023,8,Aug,0.25676780110052055,0.47897063824963143,12.816774193548387,57.10322580645161,-0.4296774193548387,3.445161290322581
2023-09-01,johannesburg,17.029999999999998,9.243333333333334,24.923333333333336,30,80.8,0.0,week,Johannesburg · South Africa,ZA,ZAF,region,ZA-GT,open_meteo,-26.2041,28.0473,Africa/Johannesburg,south,subtropical highland,comparison,2023,9,Sep,1.7683795934175102,0.9059970524883798,17.014666666666663,72.45333333333333,0.01533333333333431,8.346666666666664
2023-10-01,johannesburg,18.44193548387097,11.380645161290325,25.541935483870965,31,85.25806451612904,0.0,week,Johannesburg · South Africa,ZA,ZAF,region,ZA-GT,open_meteo,-26.2041,28.0473,Africa/Johannesburg,south,subtropical highland,comparison,2023,10,Oct,2.1011364422518657,1.0,18.01741935483871,74.43225806451612,0.4245161290322592,10.82580645161292
2023-11-01,johannesburg,19.673333333333336,13.513333333333332,25.72,30,83.73333333333333,0.0,week,Johannesburg · South Africa,ZA,ZAF,region,ZA-GT,open_meteo,-26.2041,28.0473,Africa/Johannesburg,south,subtropical highland,comparison,2023,11,Nov,1.9873281422887406,0.9678494501757169,18.452,68.72,1.2213333333333338,15.013333333333335
2023-12-01,johannesburg,20.067741935483873,14.69032258064516,25.65806451612903,31,82.09677419354838,0.0,week,Johannesburg · South Africa,ZA,ZAF,region,ZA-GT,open_meteo,-26.2041,28.0473,Africa/Johannesburg,south,subtropical highland,comparison,2023,12,Dec,1.86517283019856,0.9333408910554357,19.068387096774195,73.38709677419355,0.999354838709678,8.709677419354833
2024-01-01,johannesburg,19.438709677419357,14.319354838709677,24.661290322580644,31,58.16129032258065,0.0,week,Johannesburg · South Africa,ZA,ZAF,region,ZA-GT,open_meteo,-26.2041,28.0473,Africa/Johannesburg,south,subtropical highland,comparison,2024,1,Jan,0.07859119608067813,0.42863620904659333,19.243225806451612,58.69677419354839,0.19548387096774533,-0.5354838709677452
2024-02-01,johannesburg,20.620689655172413,15.089655172413794,26.579310344827583,29,60.06896551724138,0.0,week,Johannesburg · South Africa,ZA,ZAF,region,ZA-GT,open_meteo,-26.2041,28.0473,Africa/Johannesburg,south,subtropical highland,comparison,2024,2,Feb,0.22098303094043117,0.46886153340969233,18.95485221674877,54.220935960591135,1.6658374384236438,5.848029556650246
2024-03-01,johannesburg,20.22258064516129,14.464516129032257,26.32903225806452,31,63.16129032258065,0.0,week,Johannesburg · South Africa,ZA,ZAF,region,ZA-GT,open_meteo,-26.2041,28.0473,Africa/Johannesburg,south,subtropical highland,comparison,2024,3,Mar,0.45179894983845675,0.5340664323772815,18.083225806451615,54.25806451612904,2.139354838709675,8.903225806451609
2024-04-01,johannesburg,15.273333333333332,10.24,20.793333333333333,30,47.8,0.0,week,Johannesburg · South Africa,ZA,ZAF,region,ZA-GT,open_meteo,-26.2041,28.0473,Africa/Johannesburg,south,subtropical highland,comparison,2024,4,Apr,-0.6947915813838287,0.21015757850583822,14.982666666666665,46.55333333333333,0.29066666666666663,1.2466666666666697
2024-05-01,johannesburg,14.63548387096774,7.645161290322581,22.006451612903227,31,45.45161290322581,0.0,week,Johannesburg · South Africa,ZA,ZAF,region,ZA-GT,open_meteo,-26.2041,28.0473,Africa/Johannesburg,south,subtropical highland,comparison,2024,5,May,-0.8700788360519979,0.1606393832898764,12.258709677419354,42.52258064516129,2.3767741935483855,2.9290322580645167
2024-06-01,johannesburg,9.496666666666666,3.1533333333333333,16.663333333333334,30,41.233333333333334,0.0,week,Johannesburg · South Africa,ZA,ZAF,region,ZA-GT,open_meteo,-26.2041,28.0473,Africa/Johannesburg,south,subtropical highland,comparison,2024,6,Jun,-1.1849377646523775,0.07169255186486789,9.152666666666667,39.94,0.3439999999999994,1.2933333333333366
2024-07-01,johannesburg,10.338709677419354,2.829032258064516,18.567741935483873,31,42.70967741935484,0.0,week,Johannesburg · South Africa,ZA,ZAF,region,ZA-GT,open_meteo,-26.2041,28.0473,Africa/Johannesburg,south,subtropical highland,comparison,2024,7,Jul,-1.0747411526288442,0.10282280920530548,9.284516129032259,43.012903225806454,1.0541935483870954,-0.30322580645161423
2024-08-01,johannesburg,14.051612903225807,6.674193548387097,22.009677419354837,31,61.61290322580645,0.0,week,Johannesburg · South Africa,ZA,ZAF,region,ZA-GT,open_meteo,-26.2041,28.0473,Africa/Johannesburg,south,subtropical highland,comparison,2024,8,Aug,0.33622493577153134,0.5014170728942295,12.816774193548387,57.10322580645161,1.2348387096774207,4.509677419354837
2024-09-01,johannesburg,16.779999999999998,9.693333333333332,24.123333333333335,30,64.9,0.0,week,Johannesburg · South Africa,ZA,ZAF,region,ZA-GT,open_meteo,-26.2041,28.0473,Africa/Johannesburg,south,subtropical highland,comparison,2024,9,Sep,0.5815789364677748,0.5707289422967917,17.014666666666663,72.45333333333333,-0.2346666666666657,-7.5533333333333275
2024-10-01,johannesburg,17.925806451612903,10.380645161290325,25.419354838709676,31,74.19354838709677,0.0,week,Johannesburg · South Africa,ZA,ZAF,region,ZA-GT,open_meteo,-26.2041,28.0473,Africa/Johannesburg,south,subtropical highland,comparison,2024,10,Oct,1.2752638000652967,0.7666931186940253,18.01741935483871,74.43225806451612,-0.0916129032258084,-0.2387096774193509
2024-11-01,johannesburg,20.15,13.85,26.78,30,72.86666666666666,0.0,week,Johannesburg · South Africa,ZA,ZAF,region,ZA-GT,open_meteo,-26.2041,28.0473,Africa/Johannesburg,south,subtropical highland,comparison,2024,11,Nov,1.176223290788501,0.7387144314703545,18.452,68.72,1.6979999999999968,4.146666666666661
2024-12-01,johannesburg,21.58709677419355,16.05483870967742,27.725806451612904,31,81.03225806451613,0.0,week,Johannesburg · South Africa,ZA,ZAF,region,ZA-GT,open_meteo,-26.2041,28.0473,Africa/Johannesburg,south,subtropical highland,comparison,2024,12,Dec,1.785715695527549,0.9108944564108377,19.068387096774195,73.38709677419355,2.5187096774193556,7.6451612903225765
2025-01-01,johannesburg,19.338709677419356,14.858064516129032,24.177419354838708,31,59.12903225806452,0.0,week,Johannesburg · South Africa,ZA,ZAF,region,ZA-GT,open_meteo,-26.2041,28.0473,Africa/Johannesburg,south,subtropical highland,comparison,2025,1,Jan,0.15082495487250633,0.4490420587235007,19.243225806451612,58.69677419354839,0.09548387096774391,0.4322580645161267
2025-02-01,johannesburg,19.103571428571428,15.196428571428571,23.339285714285715,28,54.464285714285715,0.0,week,Johannesburg · South Africa,ZA,ZAF,region,ZA-GT,open_meteo,-26.2041,28.0473,Africa/Johannesburg,south,subtropical highland,comparison,2025,2,Feb,-0.19735896101810343,0.3506810047451697,18.95485221674877,54.220935960591135,0.1487192118226588,0.24334975369458078
2025-03-01,johannesburg,17.480645161290322,13.680645161290323,22.04516129032258,31,51.806451612903224,0.0,week,Johannesburg · South Africa,ZA,ZAF,region,ZA-GT,open_meteo,-26.2041,28.0473,Africa/Johannesburg,south,subtropical highland,comparison,2025,3,Mar,-0.39574381998566016,0.29463779616823477,18.083225806451615,54.25806451612904,-0.602580645161293,-2.451612903225815
2025-04-01,johannesburg,14.133333333333333,9.843333333333334,18.790000000000003,30,45.3,0.0,week,Johannesburg · South Africa,ZA,ZAF,region,ZA-GT,open_meteo,-26.2041,28.0473,Africa/Johannesburg,south,subtropical highland,comparison,2025,4,Apr,-0.8813954582627179,0.15744246684049415,14.982666666666665,46.55333333333333,-0.8493333333333322,-1.2533333333333303
2025-05-01,johannesburg,10.78064516129032,4.558064516129033,17.306451612903224,31,46.483870967741936,0.0,week,Johannesburg · South Africa,ZA,ZAF,region,ZA-GT,open_meteo,-26.2041,28.0473,Africa/Johannesburg,south,subtropical highland,comparison,2025,5,May,-0.7930294933407146,0.18240562294524423,12.258709677419354,42.52258064516129,-1.4780645161290344,3.961290322580645
2025-06-01,johannesburg,8.296666666666667,2.0433333333333334,15.516666666666667,30,41.1,0.0,week,Johannesburg · South Africa,ZA,ZAF,region,ZA-GT,open_meteo,-26.2041,28.0473,Africa/Johannesburg,south,subtropical highland,comparison,2025,6,Jun,-1.1948899714192516,0.06888107924271622,9.152666666666667,39.94,-0.8559999999999999,1.1600000000000037
2025-07-01,johannesburg,8.932258064516128,3.135483870967742,15.738709677419354,31,45.58064516129032,0.0,week,Johannesburg · South Africa,ZA,ZAF,region,ZA-GT,open_meteo,-26.2041,28.0473,Africa/Johannesburg,south,subtropical highland,comparison,2025,7,Jul,-0.8604476682130877,0.1633601632467973,9.284516129032259,43.012903225806454,-0.3522580645161302,2.567741935483866
2025-08-01,johannesburg,12.774193548387096,5.470967741935484,20.4,31,59.225806451612904,0.0,week,Johannesburg · South Africa,ZA,ZAF,region,ZA-GT,open_meteo,-26.2041,28.0473,Africa/Johannesburg,south,subtropical highland,comparison,2025,8,Aug,0.15804833075168892,0.4510826436911914,12.816774193548387,57.10322580645161,-0.042580645161290676,2.1225806451612925
2025-09-01,johannesburg,16.99,10.256666666666666,24.03666666666667,30,80.7,0.0,week,Johannesburg · South Africa,ZA,ZAF,region,ZA-GT,open_meteo,-26.2041,28.0473,Africa/Johannesburg,south,subtropical highland,comparison,2025,9,Sep,1.760915438342355,0.9038884480217662,17.014666666666663,72.45333333333333,-0.024666666666664838,8.24666666666667
2025-10-01,johannesburg,17.216129032258067,11.109677419354838,23.55161290322581,31,70.7741935483871,0.0,week,Johannesburg · South Africa,ZA,ZAF,region,ZA-GT,open_meteo,-26.2041,28.0473,Africa/Johannesburg,south,subtropical highland,comparison,2025,10,Oct,1.0200378523341715,0.6945924498356195,18.01741935483871,74.43225806451612,-0.8012903225806447,-3.6580645161290164
2025-11-01,johannesburg,16.16,12.08,20.82,30,59.0,0.0,week,Johannesburg · South Africa,ZA,ZAF,region,ZA-GT,open_meteo,-26.2041,28.0473,Africa/Johannesburg,south,subtropical highland,comparison,2025,11,Nov,0.14119378703359564,0.4463212787665797,18.452,68.72,-2.2920000000000016,-9.719999999999999
2025-12-01,johannesburg,17.55483870967742,13.416129032258064,22.296774193548387,31,71.41935483870968,0.0,week,Johannesburg · South Africa,ZA,ZAF,region,ZA-GT,open_meteo,-26.2041,28.0473,Africa/Johannesburg,south,subtropical highland,comparison,2025,12,Dec,1.0681936915287233,0.7081963496202244,19.068387096774195,73.38709677419355,-1.513548387096776,-1.9677419354838719
2021-01-01,london,3.5032258064516126,0.7322580645161291,6.135483870967741,31,33.193548387096776,0.0,week,London · United Kingdom,GB,GBR,region,GB-ENG,open_meteo,51.5074,-0.1278,Europe/London,north,cool maritime,comparison,2021,1,Jan,-0.806316519310147,0.16134969325153373,4.331612903225806,30.0258064516129,-0.8283870967741933,3.1677419354838747
2021-02-01,london,5.25,2.3214285714285716,7.878571428571428,28,40.5,0.0,week,London · United Kingdom,GB,GBR,region,GB-ENG,open_meteo,51.5074,-0.1278,Europe/London,north,cool maritime,comparison,2021,2,Feb,-0.3355900342361632,0.3003067484662576,6.315788177339901,35.70886699507389,-1.0657881773399014,4.79113300492611
2021-03-01,london,6.922580645161291,3.167741935483871,10.661290322580646,31,41.903225806451616,0.0,week,London · United Kingdom,GB,GBR,region,GB-ENG,open_meteo,51.5074,-0.1278,Europe/London,north,cool maritime,comparison,2021,3,Mar,-0.24518560995043095,0.32699386503067485,7.567096774193549,40.18064516129032,-0.6445161290322581,1.722580645161294
2021-04-01,london,6.583333333333333,1.7266666666666666,11.136666666666668,30,45.766666666666666,0.0,week,London · United Kingdom,GB,GBR,region,GB-ENG,open_meteo,51.5074,-0.1278,Europe/London,north,cool maritime,comparison,2021,4,Apr,0.003720977374193477,0.40047034764826167,9.123333333333333,50.10666666666667,-2.54,-4.340000000000003
2021-05-01,london,10.883870967741936,6.793548387096774,14.783870967741937,31,45.096774193548384,0.0,week,London · United Kingdom,GB,GBR,region,GB-ENG,open_meteo,51.5074,-0.1278,Europe/London,north,cool maritime,comparison,2021,5,May,-0.03943760985186875,0.3877300613496931,13.053548387096773,58.54838709677419,-2.169677419354837,-13.451612903225808
2021-06-01,london,16.886666666666667,12.636666666666668,20.886666666666667,30,64.66666666666667,0.0,week,London · United Kingdom,GB,GBR,region,GB-ENG,open_meteo,51.5074,-0.1278,Europe/London,north,cool maritime,comparison,2021,6,Jun,1.2213750506847776,0.7599182004089979,16.955333333333336,68.68666666666667,-0.06866666666666887,-4.019999999999996
2021-07-01,london,18.05806451612903,14.035483870967743,21.961290322580645,31,62.45161290322581,0.0,week,London · United Kingdom,GB,GBR,region,GB-ENG,open_meteo,51.5074,-0.1278,Europe/London,north,cool maritime,comparison,2021,7,Jul,1.078667683613047,0.7177914110429447,18.532903225806454,68.96129032258065,-0.4748387096774245,-6.509677419354844
2021-08-01,london,16.503225806451614,13.25483870967742,19.896774193548385,31,49.54838709677419,0.0,week,London · United Kingdom,GB,GBR,region,GB-ENG,open_meteo,51.5074,-0.1278,Europe/London,north,cool maritime,comparison,2021,8,Aug,0.247362632709764,0.4723926380368097,18.208387096774192,61.490322580645156,-1.7051612903225788,-11.941935483870964
2021-09-01,london,16.533333333333335,12.87,20.326666666666664,30,36.53333333333333,0.0,week,London · United Kingdom,GB,GBR,region,GB-ENG,open_meteo,51.5074,-0.1278,Europe/London,north,cool maritime,comparison,2021,9,Sep,-0.5911470619680143,0.2248670756646216,15.952000000000002,40.166666666666664,0.5813333333333333,-3.633333333333333
2021-10-01,london,12.538709677419355,9.396774193548389,15.5,31,27.258064516129032,0.0,week,London · United Kingdom,GB,GBR,region,GB-ENG,open_meteo,51.5074,-0.1278,Europe/London,north,cool maritime,comparison,2021,10,Oct,-1.1887168427256574,0.048466257668711626,12.799354838709679,32.74193548387097,-0.26064516129032356,-5.483870967741936
2021-11-01,london,7.59,4.866666666666666,10.283333333333331,30,26.633333333333333,0.0,week,London · United Kingdom,GB,GBR,region,GB-ENG,open_meteo,51.5074,-0.1278,Europe/London,north,cool maritime,comparison,2021,11,Nov,-1.228965862273558,0.036584867075664586,8.480666666666668,30.18,-0.890666666666668,-3.546666666666667
2021-12-01,london,7.083870967741936,4.674193548387097,9.12258064516129,31,24.70967741935484,0.0,week,London · United Kingdom,GB,GBR,region,GB-ENG,open_meteo,51.5074,-0.1278,Europe/London,north,cool maritime,comparison,2021,12,Dec,-1.3528995902790557,0.0,6.7703225806451615,31.70967741935484,0.31354838709677413,-7.0
2022-01-01,london,4.593548387096774,1.6935483870967742,7.764516129032257,31,28.0,0.0,week,London · United Kingdom,GB,GBR,region,GB-ENG,open_meteo,51.5074,-0.1278,Europe/London,north,cool maritime,comparison,2022,1,Jan,-1.1409168022987186,0.06257668711656439,4.331612903225806,30.0258064516129,0.26193548387096843,-2.025806451612901
2022-02-01,london,7.364285714285714,4.046428571428572,10.321428571428571,28,32.214285714285715,0.0,week,London · United Kingdom,GB,GBR,region,GB-ENG,open_meteo,51.5074,-0.1278,Europe/London,north,cool maritime,comparison,2022,2,Feb,-0.8694066347804855,0.1427256792287467,6.315788177339901,35.70886699507389,1.0484975369458125,-3.494581280788175
2022-03-01,london,7.980645161290322,4.15483870967742,12.019354838709678,31,37.096774193548384,0.0,week,London · United Kingdom,GB,GBR,region,GB-ENG,open_meteo,51.5074,-0.1278,Europe/London,north,cool maritime,comparison,2022,3,Mar,-0.5548467414119043,0.2355828220858895,7.567096774193549,40.18064516129032,0.4135483870967738,-3.0838709677419374
2022-04-01,london,9.5,5.206666666666666,13.736666666666668,30,44.93333333333333,0.0,week,London · United Kingdom,GB,GBR,region,GB-ENG,open_meteo,51.5074,-0.1278,Europe/London,north,cool maritime,comparison,2022,4,Apr,-0.04996747382997704,0.3846216768916154,9.123333333333333,50.10666666666667,0.3766666666666669,-5.173333333333339
2022-05-01,london,13.793548387096775,9.461290322580645,17.87741935483871,31,49.58064516129032,0.0,week,London · United Kingdom,GB,GBR,region,GB-ENG,open_meteo,51.5074,-0.1278,Europe/London,north,cool maritime,comparison,2022,5,May,0.24944089533702213,0.47300613496932503,13.053548387096773,58.54838709677419,0.740000000000002,-8.967741935483872
2022-06-01,london,16.106666666666666,11.213333333333331,20.363333333333333,30,61.43333333333333,0.0,week,London · United Kingdom,GB,GBR,region,GB-ENG,open_meteo,51.5074,-0.1278,Europe/London,north,cool maritime,comparison,2022,6,Jun,1.013063860012596,0.6984253578732105,16.955333333333336,68.68666666666667,-0.84866666666667,-7.253333333333337
2022-07-01,london,20.080645161290324,14.906451612903227,24.68064516129032,31,77.16129032258064,0.0,week,London · United Kingdom,GB,GBR,region,GB-ENG,open_meteo,51.5074,-0.1278,Europe/London,north,cool maritime,comparison,2022,7,Jul,2.0263554416427896,0.9975460122699384,18.532903225806454,68.96129032258065,1.5477419354838702,8.199999999999989
2022-08-01,london,20.174193548387095,15.648387096774194,24.616129032258065,31,61.483870967741936,0.0,week,London · United Kingdom,GB,GBR,region,GB-ENG,open_meteo,51.5074,-0.1278,Europe/London,north,cool maritime,comparison,2022,8,Aug,1.0163198047953008,0.6993865030674846,18.208387096774192,61.490322580645156,1.9658064516129024,-0.006451612903219939
2022-09-01,london,15.106666666666666,11.726666666666668,18.47,30,35.0,0.0,week,London · United Kingdom,GB,GBR,region,GB-ENG,open_meteo,51.5074,-0.1278,Europe/London,north,cool maritime,comparison,2022,9,Sep,-0.6899338121836875,0.1957055214723926,15.952000000000002,40.166666666666664,-0.8453333333333362,-5.166666666666664
2022-10-01,london,13.73225806451613,10.34516129032258,17.125806451612902,31,33.61290322580645,0.0,week,London · United Kingdom,GB,GBR,region,GB-ENG,open_meteo,51.5074,-0.1278,Europe/London,north,cool maritime,comparison,2022,10,Oct,-0.7792991051557907,0.16932515337423304,12.799354838709679,32.74193548387097,0.9329032258064505,0.8709677419354804
2022-11-01,london,9.896666666666668,7.346666666666667,12.373333333333331,30,28.666666666666668,0.0,week,London · United Kingdom,GB,GBR,region,GB-ENG,open_meteo,51.5074,-0.1278,Europe/London,north,cool maritime,comparison,2022,11,Nov,-1.0979660413353822,0.07525562372188138,8.480666666666668,30.18,1.4160000000000004,-1.5133333333333319
2022-12-01,london,4.464516129032258,2.035483870967742,7.093548387096774,31,26.516129032258064,0.0,week,London · United Kingdom,GB,GBR,region,GB-ENG,open_meteo,51.5074,-0.1278,Europe/London,north,cool maritime,comparison,2022,12,Dec,-1.2365168831525961,0.034355828220858864,6.7703225806451615,31.70967741935484,-2.305806451612903,-5.193548387096776
2023-01-01,london,5.083870967741936,2.138709677419355,7.896774193548388,31,26.677419354838708,0.0,week,London · United Kingdom,GB,GBR,region,GB-ENG,open_meteo,51.5074,-0.1278,Europe/London,north,cool maritime,comparison,2023,1,Jan,-1.2261255700163052,0.037423312883435526,4.331612903225806,30.0258064516129,0.7522580645161296,-3.348387096774193
2023-02-01,london,5.928571428571429,2.9428571428571426,9.30714285714286,28,32.214285714285715,0.0,week,London · United Kingdom,GB,GBR,region,GB-ENG,open_meteo,51.5074,-0.1278,Europe/London,north,cool maritime,comparison,2023,2,Feb,-0.8694066347804855,0.1427256792287467,6.315788177339901,35.70886699507389,-0.38721674876847256,-3.494581280788175
2023-03-01,london,7.293548387096774,4.361290322580645,10.029032258064516,31,36.516129032258064,0.0,week,London · United Kingdom,GB,GBR,region,GB-ENG,open_meteo,51.5074,-0.1278,Europe/London,north,cool maritime,comparison,2023,3,Mar,-0.5922554687025519,0.22453987730061345,7.567096774193549,40.18064516129032,-0.273548387096775,-3.6645161290322577
2023-04-01,london,8.76,4.973333333333333,12.663333333333332,30,48.233333333333334,0.0,week,London · United Kingdom,GB,GBR,region,GB-ENG,open_meteo,51.5074,-0.1278,Europe/London,north,cool maritime,comparison,2023,4,Apr,0.16263879293853786,0.4473824130879345,9.123333333333333,50.10666666666667,-0.3633333333333333,-1.8733333333333348
2023-05-01,london,12.535483870967743,8.393548387096773,16.53548387096774,31,61.67741935483871,0.0,week,London · United Kingdom,GB,GBR,region,GB-ENG,open_meteo,51.5074,-0.1278,Europe/London,north,cool maritime,comparison,2023,5,May,1.0287893805588502,0.7030674846625766,13.053548387096773,58.54838709677419,-0.51806451612903,3.1290322580645196
2023-06-01,london,17.883333333333333,12.813333333333333,22.61,30,77.16666666666667,0.0,week,London · United Kingdom,GB,GBR,region,GB-ENG,open_meteo,51.5074,-0.1278,Europe/London,north,cool maritime,comparison,2023,6,Jun,2.026701818747333,0.9976482617586911,16.955333333333336,68.68666666666667,0.9279999999999973,8.480000000000004
2023-07-01,london,17.45483870967742,13.819354838709677,20.758064516129032,31,60.54838709677419,0.0,week,London · United Kingdom,GB,GBR,region,GB-ENG,open_meteo,51.5074,-0.1278,Europe/London,north,cool maritime,comparison,2023,7,Jul,0.9560501886048127,0.6815950920245397,18.532903225806454,68.96129032258065,-1.0780645161290323,-8.41290322580646
2023-08-01,london,17.183870967741935,13.312903225806451,20.893548387096775,31,57.29032258064516,0.0,week,London · United Kingdom,GB,GBR,region,GB-ENG,open_meteo,51.5074,-0.1278,Europe/London,north,cool maritime,comparison,2023,8,Aug,0.7461456632517338,0.6196319018404907,18.208387096774192,61.490322580645156,-1.024516129032257,-4.199999999999996
2023-09-01,london,18.136666666666667,14.113333333333332,22.44,30,47.8,0.0,week,London · United Kingdom,GB,GBR,region,GB-ENG,open_meteo,51.5074,-0.1278,Europe/London,north,cool maritime,comparison,2023,9,Sep,0.13472079831236905,0.4391411042944784,15.952000000000002,40.166666666666664,2.184666666666665,7.633333333333333
2023-10-01,london,13.26774193548387,10.28064516129032,16.596774193548388,31,33.96774193548387,0.0,week,London · United Kingdom,GB,GBR,region,GB-ENG,open_meteo,51.5074,-0.1278,Europe/London,north,cool maritime,comparison,2023,10,Oct,-0.7564382162559501,0.17607361963190182,12.799354838709679,32.74193548387097,0.4683870967741921,1.225806451612904
2023-11-01,london,7.823333333333333,5.176666666666666,10.5,30,30.633333333333333,0.0,week,London · United Kingdom,GB,GBR,region,GB-ENG,open_meteo,51.5074,-0.1278,Europe/London,north,cool maritime,comparison,2023,11,Nov,-0.9712612964935403,0.11265848670756642,8.480666666666668,30.18,-0.6573333333333347,0.45333333333333314
2023-12-01,london,7.641935483870968,5.27741935483871,9.616129032258064,31,35.25806451612903,0.0,week,London · United Kingdom,GB,GBR,region,GB-ENG,open_meteo,51.5074,-0.1278,Europe/London,north,cool maritime,comparison,2023,12,Dec,-0.6733077111656219,0.2006134969325153,6.7703225806451615,31.70967741935484,0.8716129032258069,3.548387096774192
2024-01-01,london,4.764516129032257,2.1548387096774193,7.387096774193548,31,30.806451612903224,0.0,week,London · United Kingdom,GB,GBR,region,GB-ENG,open_meteo,51.5074,-0.1278,Europe/London,north,cool maritime,comparison,2024,1,Jan,-0.9601079537272547,0.11595092024539871,4.331612903225806,30.0258064516129,0.43290322580645135,0.7806451612903231
2024-02-01,london,8.189655172413794,5.5344827586206895,10.906896551724138,29,34.758620689655174,0.0,week,London · United Kingdom,GB,GBR,region,GB-ENG,open_meteo,51.5074,-0.1278,Europe/London,north,cool maritime,comparison,2024,2,Feb,-0.7054849497738609,0.19111487201184685,6.315788177339901,35.70886699507389,1.8738669950738922,-0.950246305418716
2024-03-01,london,8.44516129032258,5.583870967741936,11.587096774193547,31,39.064516129032256,0.0,week,London · United Kingdom,GB,GBR,region,GB-ENG,open_meteo,51.5074,-0.1278,Europe/London,north,cool maritime,comparison,2024,3,Mar,-0.4280727211491535,0.2730061349693251,7.567096774193549,40.18064516129032,0.8780645161290321,-1.1161290322580655
2024-04-01,london,9.956666666666669,6.706666666666666,13.223333333333333,30,48.6,0.0,week,London · United Kingdom,GB,GBR,region,GB-ENG,open_meteo,51.5074,-0.1278,Europe/London,north,cool maritime,comparison,2024,4,Apr,0.18626171146837286,0.45435582822085885,9.123333333333333,50.10666666666667,0.8333333333333357,-1.5066666666666677
2024-05-01,london,13.861290322580643,9.761290322580646,17.76774193548387,31,67.64516129032258,0.0,week,London · United Kingdom,GB,GBR,region,GB-ENG,open_meteo,51.5074,-0.1278,Europe/London,north,cool maritime,comparison,2024,5,May,1.4132679666016184,0.816564417177914,13.053548387096773,58.54838709677419,0.80774193548387,9.096774193548384
2024-06-01,london,15.416666666666666,10.463333333333331,19.4,30,65.73333333333333,0.0,week,London · United Kingdom,GB,GBR,region,GB-ENG,open_meteo,51.5074,-0.1278,Europe/London,north,cool maritime,comparison,2024,6,Jun,1.2900962682261155,0.780204498977505,16.955333333333336,68.68666666666667,-1.5386666666666695,-2.953333333333333
2024-07-01,london,17.5,13.34516129032258,21.387096774193548,31,67.35483870967742,0.0,week,London · United Kingdom,GB,GBR,region,GB-ENG,open_meteo,51.5074,-0.1278,Europe/London,north,cool maritime,comparison,2024,7,Jul,1.394563602956295,0.811042944785276,18.532903225806454,68.96129032258065,-1.0329032258064537,-1.6064516129032285
2024-08-01,london,18.651612903225804,14.403225806451612,22.72258064516129,31,67.48387096774194,0.0,week,London · United Kingdom,GB,GBR,region,GB-ENG,open_meteo,51.5074,-0.1278,Europe/London,north,cool maritime,comparison,2024,8,Aug,1.4028766534653276,0.8134969325153374,18.208387096774192,61.490322580645156,0.44322580645161125,5.99354838709678
2024-09-01,london,15.086666666666668,11.963333333333331,18.57,30,40.166666666666664,0.0,week,London · United Kingdom,GB,GBR,region,GB-ENG,open_meteo,51.5074,-0.1278,Europe/London,north,cool maritime,comparison,2024,9,Sep,-0.35706541471783143,0.2939672801635991,15.952000000000002,40.166666666666664,-0.865333333333334,0.0
2024-10-01,london,12.212903225806452,9.15483870967742,15.170967741935485,31,33.38709677419355,0.0,week,London · United Kingdom,GB,GBR,region,GB-ENG,open_meteo,51.5074,-0.1278,Europe/London,north,cool maritime,comparison,2024,10,Oct,-0.7938469435465977,0.16503067484662579,12.799354838709679,32.74193548387097,-0.5864516129032271,0.6451612903225836
2024-11-01,london,8.036666666666667,5.733333333333333,10.543333333333331,30,30.8,0.0,week,London · United Kingdom,GB,GBR,region,GB-ENG,open_meteo,51.5074,-0.1278,Europe/London,north,cool maritime,comparison,2024,11,Nov,-0.9605236062527062,0.11582822085889569,8.480666666666668,30.18,-0.44400000000000084,0.620000000000001
2024-12-01,london,7.403225806451613,5.47741935483871,9.251612903225809,31,32.45161290322581,0.0,week,London · United Kingdom,GB,GBR,region,GB-ENG,open_meteo,51.5074,-0.1278,Europe/London,north,cool maritime,comparison,2024,12,Dec,-0.8541165597370859,0.14723926380368096,6.7703225806451615,31.70967741935484,0.6329032258064515,0.741935483870968
2025-01-01,london,3.712903225806451,1.1483870967741936,6.148387096774194,31,31.451612903225808,0.0,week,London · United Kingdom,GB,GBR,region,GB-ENG,open_meteo,51.5074,-0.1278,Europe/London,north,cool maritime,comparison,2025,1,Jan,-0.9185427011820902,0.1282208588957055,4.331612903225806,30.0258064516129,-0.6187096774193548,1.4258064516129068
2025-02-01,london,4.846428571428571,1.9964285714285712,7.625,28,38.857142857142854,0.0,week,London · United Kingdom,GB,GBR,region,GB-ENG,open_meteo,51.5074,-0.1278,Europe/London,north,cool maritime,comparison,2025,2,Feb,-0.4414329808958135,0.26906222611744074,6.315788177339901,35.70886699507389,-1.4693596059113307,3.1482758620689637
2025-03-01,london,7.193548387096774,2.793548387096774,11.935483870967742,31,46.32258064516129,0.0,week,London · United Kingdom,GB,GBR,region,GB-ENG,open_meteo,51.5074,-0.1278,Europe/London,north,cool maritime,comparison,2025,3,Mar,0.039536369983943186,0.411042944785276,7.567096774193549,40.18064516129032,-0.3735483870967746,6.1419354838709666
2025-04-01,london,10.816666666666666,5.943333333333333,15.723333333333333,30,63.0,0.0,week,London · United Kingdom,GB,GBR,region,GB-ENG,open_meteo,51.5074,-0.1278,Europe/London,north,cool maritime,comparison,2025,4,Apr,1.1139981482764367,0.7282208588957054,9.123333333333333,50.10666666666667,1.6933333333333334,12.89333333333333
2025-05-01,london,14.193548387096774,9.448387096774193,18.816129032258065,31,68.74193548387096,0.0,week,London · United Kingdom,GB,GBR,region,GB-ENG,open_meteo,51.5074,-0.1278,Europe/London,north,cool maritime,comparison,2025,5,May,1.4839288959283972,0.8374233128834353,13.053548387096773,58.54838709677419,1.1400000000000006,10.193548387096769
2025-06-01,london,18.483333333333334,13.636666666666668,23.033333333333335,30,74.43333333333334,0.0,week,London · United Kingdom,GB,GBR,region,GB-ENG,open_meteo,51.5074,-0.1278,Europe/London,north,cool maritime,comparison,2025,6,Jun,1.8506036987976542,0.9456646216768916,16.955333333333336,68.68666666666667,1.5279999999999987,5.74666666666667
2025-07-01,london,19.570967741935487,15.080645161290322,23.55806451612903,31,77.29032258064517,0.0,week,London · United Kingdom,GB,GBR,region,GB-ENG,open_meteo,51.5074,-0.1278,Europe/London,north,cool maritime,comparison,2025,7,Jul,2.034668492151823,1.0,18.532903225806454,68.96129032258065,1.0380645161290332,8.329032258064515
2025-08-01,london,18.529032258064515,14.303225806451612,22.74516129032258,31,71.64516129032258,0.0,week,London · United Kingdom,GB,GBR,region,GB-ENG,open_meteo,51.5074,-0.1278,Europe/London,north,cool maritime,comparison,2025,8,Aug,1.670972532381636,0.8926380368098158,18.208387096774192,61.490322580645156,0.3206451612903223,10.15483870967742
2025-09-01,london,14.896666666666668,11.463333333333331,18.563333333333333,30,41.333333333333336,0.0,week,London · United Kingdom,GB,GBR,region,GB-ENG,open_meteo,51.5074,-0.1278,Europe/London,north,cool maritime,comparison,2025,9,Sep,-0.28190158303199264,0.31615541922290386,15.952000000000002,40.166666666666664,-1.0553333333333335,1.1666666666666714
2025-10-01,london,12.24516129032258,9.561290322580644,15.00967741935484,31,35.483870967741936,0.0,week,London · United Kingdom,GB,GBR,region,GB-ENG,open_meteo,51.5074,-0.1278,Europe/London,north,cool maritime,comparison,2025,10,Oct,-0.6587598727748144,0.20490797546012265,12.799354838709679,32.74193548387097,-0.554193548387099,2.741935483870968
2025-11-01,london,9.056666666666668,6.21,11.313333333333333,30,34.166666666666664,0.0,week,London · United Kingdom,GB,GBR,region,GB-ENG,open_meteo,51.5074,-0.1278,Europe/London,north,cool maritime,comparison,2025,11,Nov,-0.7436222633878581,0.17985685071574634,8.480666666666668,30.18,0.5760000000000005,3.9866666666666646
2025-12-01,london,7.258064516129032,4.851612903225806,9.361290322580643,31,39.61290322580645,0.0,week,London · United Kingdom,GB,GBR,region,GB-ENG,open_meteo,51.5074,-0.1278,Europe/London,north,cool maritime,comparison,2025,12,Dec,-0.39274225648576405,0.2834355828220858,6.7703225806451615,31.70967741935484,0.48774193548387057,7.9032258064516085
2021-01-01,moscow,-7.235483870967743,-9.167741935483871,-5.509677419354839,31,38.0,0.0,week,Moscow · Central Russia,RU,RUS,region,RU-MOW,open_meteo,55.7558,37.6173,Europe/Moscow,north,humid continental,deep_dive,2021,1,Jan,-0.5668168108514949,0.17544987146529564,-6.683870967741936,37.03225806451613,-0.5516129032258066,0.9677419354838719
2021-02-01,moscow,-12.760714285714286,-16.40357142857143,-9.625,28,36.92857142857143,0.0,week,Moscow · Central Russia,RU,RUS,region,RU-MOW,open_meteo,55.7558,37.6173,Europe/Moscow,north,humid continental,deep_dive,2021,2,Feb,-0.6399659972150283,0.15479250826294536,-6.481133004926109,36.90886699507389,-6.279581280788177,0.019704433497537366
2021-03-01,moscow,-3.729032258064516,-7.790322580645161,-0.1225806451612903,31,42.67741935483871,0.0,week,Moscow · Central Russia,RU,RUS,region,RU-MOW,open_meteo,55.7558,37.6173,Europe/Moscow,north,humid continental,deep_dive,2021,3,Mar,-0.24747735210316577,0.2656314785637284,-1.3748387096774195,38.49677419354839,-2.3541935483870966,4.180645161290322
2021-04-01,moscow,5.883333333333334,1.22,10.496666666666666,30,49.5,0.0,week,Moscow · Central Russia,RU,RUS,region,RU-MOW,open_meteo,55.7558,37.6173,Europe/Moscow,north,humid continental,deep_dive,2021,4,Apr,0.2183177894504313,0.3971722365038561,6.943333333333333,46.82,-1.0599999999999996,2.6799999999999997
2021-05-01,moscow,13.52258064516129,8.55483870967742,17.809677419354838,31,69.03225806451613,0.0,week,Moscow · Central Russia,RU,RUS,region,RU-MOW,open_meteo,55.7558,37.6173,Europe/Moscow,north,humid continental,deep_dive,2021,5,May,1.551835322361557,0.7737581889045526,11.931612903225806,61.038709677419355,1.5909677419354828,7.993548387096773
2021-06-01,moscow,19.90666666666667,14.483333333333333,24.186666666666667,30,77.06666666666666,0.0,week,Moscow · Central Russia,RU,RUS,region,RU-MOW,open_meteo,55.7558,37.6173,Europe/Moscow,north,humid continental,deep_dive,2021,6,Jun,2.100365077710411,0.9286632390745501,18.208000000000006,74.26666666666667,1.6986666666666643,2.799999999999997
2021-07-01,moscow,22.44838709677419,17.33225806451613,26.64516129032258,31,70.35483870967742,0.0,week,Moscow · Central Russia,RU,RUS,region,RU-MOW,open_meteo,55.7558,37.6173,Europe/Moscow,north,humid continental,deep_dive,2021,7,Jul,1.642131307249016,0.799257815739282,20.901290322580643,70.38064516129032,1.5470967741935482,-0.025806451612893966
2021-08-01,moscow,19.64516129032258,15.432258064516128,23.79032258064516,31,49.32258064516129,0.0,week,Moscow · Central Russia,RU,RUS,region,RU-MOW,open_meteo,55.7558,37.6173,Europe/Moscow,north,humid continental,deep_dive,2021,8,Aug,0.20620491342894282,0.3937515548552948,19.31225806451613,49.70967741935483,0.3329032258064508,-0.3870967741935445
2021-09-01,moscow,9.953333333333337,7.409999999999999,12.406666666666666,30,32.4,0.0,week,Moscow · Central Russia,RU,RUS,region,RU-MOW,open_meteo,55.7558,37.6173,Europe/Moscow,north,humid continental,deep_dive,2021,9,Sep,-0.9491432249115636,0.06748071979434447,13.171333333333333,38.22,-3.2179999999999964,-5.82
2021-10-01,moscow,5.825806451612903,2.693548387096774,9.003225806451614,31,33.25806451612903,0.0,week,Moscow · Central Russia,RU,RUS,region,RU-MOW,open_meteo,55.7558,37.6173,Europe/Moscow,north,humid continental,deep_dive,2021,10,Oct,-0.8905609517894562,0.0840243801310225,6.501935483870968,34.30322580645161,-0.6761290322580651,-1.045161290322575
2021-11-01,moscow,1.5833333333333333,-0.7766666666666667,3.67,30,28.9,0.0,week,Moscow · Central Russia,RU,RUS,region,RU-MOW,open_meteo,55.7558,37.6173,Europe/Moscow,north,humid continental,deep_dive,2021,11,Nov,-1.1880972336991062,0.0,0.8526666666666667,34.96,0.7306666666666666,-6.060000000000002
2021-12-01,moscow,-7.974193548387097,-10.67741935483871,-5.603225806451613,31,31.774193548387096,0.0,week,Moscow · Central Russia,RU,RUS,region,RU-MOW,open_meteo,55.7558,37.6173,Europe/Moscow,north,humid continental,deep_dive,2021,12,Dec,-0.9918686421509951,0.05541504270669211,-4.844516129032258,33.490322580645156,-3.129677419354839,-1.7161290322580598
2022-01-01,moscow,-6.764516129032257,-9.096774193548388,-4.577419354838709,31,35.96774193548387,0.0,week,Moscow · Central Russia,RU,RUS,region,RU-MOW,open_meteo,55.7558,37.6173,Europe/Moscow,north,humid continental,deep_dive,2022,1,Jan,-0.7055642998249069,0.13626751803632145,-6.683870967741936,37.03225806451613,-0.08064516129032118,-1.0645161290322562
2022-02-01,moscow,-2.9857142857142853,-5.682142857142857,-0.8821428571428571,28,35.17857142857143,0.0,week,Moscow · Central Russia,RU,RUS,region,RU-MOW,open_meteo,55.7558,37.6173,Europe/Moscow,north,humid continental,deep_dive,2022,2,Feb,-0.7594430016087997,0.1210521483657731,-6.481133004926109,36.90886699507389,3.495418719211824,-1.7302955665024626
2022-03-01,moscow,-3.7,-8.47741935483871,1.0709677419354835,31,34.0,0.0,week,Moscow · Central Russia,RU,RUS,region,RU-MOW,open_meteo,55.7558,37.6173,Europe/Moscow,north,humid continental,deep_dive,2022,3,Mar,-0.8399071066086867,0.09832904884318769,-1.3748387096774195,38.49677419354839,-2.3251612903225807,-4.49677419354839
2022-04-01,moscow,4.303333333333333,0.4333333333333333,8.076666666666666,30,41.6,0.0,week,Moscow · Central Russia,RU,RUS,region,RU-MOW,open_meteo,55.7558,37.6173,Europe/Moscow,north,humid continental,deep_dive,2022,4,Apr,-0.3210355446700223,0.24485861182519286,6.943333333333333,46.82,-2.6400000000000006,-5.219999999999999
2022-05-01,moscow,9.625806451612902,5.1,13.770967741935484,31,56.096774193548384,0.0,week,Moscow · Central Russia,RU,RUS,region,RU-MOW,open_meteo,55.7558,37.6173,Europe/Moscow,north,humid continental,deep_dive,2022,5,May,0.6686965433403159,0.5243593996185422,11.931612903225806,61.038709677419355,-2.305806451612904,-4.941935483870971
2022-06-01,moscow,18.040000000000003,12.64,22.276666666666664,30,74.43333333333334,0.0,week,Moscow · Central Russia,RU,RUS,region,RU-MOW,open_meteo,55.7558,37.6173,Europe/Moscow,north,humid continental,deep_dive,2022,6,Jun,1.9205806330035935,0.8778920308483291,18.208000000000006,74.26666666666667,-0.1680000000000028,0.1666666666666714
2022-07-01,moscow,20.593548387096774,15.59032258064516,24.967741935483872,31,73.51612903225806,0.0,week,Moscow · Central Russia,RU,RUS,region,RU-MOW,open_meteo,55.7558,37.6173,Europe/Moscow,north,humid continental,deep_dive,2022,7,Jul,1.8579607345409899,0.860208143295464,20.901290322580643,70.38064516129032,-0.3077419354838682,3.1354838709677466
2022-08-01,moscow,21.88064516129032,16.23548387096774,26.87741935483871,31,30.419354838709676,0.0,week,Moscow · Central Russia,RU,RUS,region,RU-MOW,open_meteo,55.7558,37.6173,Europe/Moscow,north,humid continental,deep_dive,2022,8,Aug,-1.0843669681332697,0.029293473754042627,19.31225806451613,49.70967741935483,2.5683870967741917,-19.290322580645157
2022-09-01,moscow,10.31,7.260000000000001,13.506666666666666,30,32.833333333333336,0.0,week,Moscow · Central Russia,RU,RUS,region,RU-MOW,open_meteo,55.7558,37.6173,Europe/Moscow,north,humid continental,deep_dive,2022,9,Sep,-0.9195584428712008,0.07583547557840624,13.171333333333333,38.22,-2.8613333333333326,-5.386666666666663
2022-10-01,moscow,6.932258064516129,4.16774193548387,9.738709677419354,31,33.54838709677419,0.0,week,Moscow · Central Russia,RU,RUS,region,RU-MOW,open_meteo,55.7558,37.6173,Europe/Moscow,north,humid continental,deep_dive,2022,10,Oct,-0.8707398819361117,0.0896218591923045,6.501935483870968,34.30322580645161,0.4303225806451616,-0.754838709677415
2022-11-01,moscow,-1.21,-2.89,0.3,30,33.43333333333333,0.0,week,Moscow · Central Russia,RU,RUS,region,RU-MOW,open_meteo,55.7558,37.6173,Europe/Moscow,north,humid continental,deep_dive,2022,11,Nov,-0.8785948985076224,0.08740359897172233,0.8526666666666667,34.96,-2.062666666666667,-1.5266666666666708
2022-12-01,moscow,-5.16774193548387,-7.229032258064516,-3.0032258064516126,31,31.548387096774192,0.0,week,Moscow · Central Russia,RU,RUS,region,RU-MOW,open_meteo,55.7558,37.6173,Europe/Moscow,north,humid continental,deep_dive,2022,12,Dec,-1.0072850298147076,0.05106144788125052,-4.844516129032258,33.490322580645156,-0.32322580645161203,-1.9419354838709637
2023-01-01,moscow,-6.206451612903226,-8.506451612903225,-3.745161290322581,31,39.064516129032256,0.0,week,Moscow · Central Russia,RU,RUS,region,RU-MOW,open_meteo,55.7558,37.6173,Europe/Moscow,north,humid continental,deep_dive,2023,1,Jan,-0.49413955472256504,0.19597396135666306,-6.683870967741936,37.03225806451613,0.4774193548387098,2.032258064516128
2023-02-01,moscow,-5.507142857142857,-8.1,-3.3535714285714286,28,36.857142857142854,0.0,week,Moscow · Central Russia,RU,RUS,region,RU-MOW,open_meteo,55.7558,37.6173,Europe/Moscow,north,humid continental,deep_dive,2023,2,Feb,-0.6448426096392642,0.1534153507161219,-6.481133004926109,36.90886699507389,0.973990147783252,-0.05172413793103914
2023-03-01,moscow,-1.1903225806451612,-5.080645161290323,2.129032258064516,31,42.0,0.0,week,Moscow · Central Russia,RU,RUS,region,RU-MOW,open_meteo,55.7558,37.6173,Europe/Moscow,north,humid continental,deep_dive,2023,3,Mar,-0.29372651509430325,0.2525706940874036,-1.3748387096774195,38.49677419354839,0.18451612903225834,3.50322580645161
2023-04-01,moscow,8.02,2.316666666666667,13.216666666666669,30,48.766666666666666,0.0,week,Moscow · Central Russia,RU,RUS,region,RU-MOW,open_meteo,55.7558,37.6173,Europe/Moscow,north,humid continental,deep_dive,2023,4,Apr,0.16825123522827942,0.38303341902313626,6.943333333333333,46.82,1.0766666666666662,1.9466666666666654
2023-05-01,moscow,12.23225806451613,6.638709677419355,16.774193548387096,31,58.96774193548387,0.0,week,Moscow · Central Russia,RU,RUS,region,RU-MOW,open_meteo,55.7558,37.6173,Europe/Moscow,north,humid continental,deep_dive,2023,5,May,0.8647049007789457,0.5797122481134422,11.931612903225806,61.038709677419355,0.3006451612903227,-2.0709677419354833
2023-06-01,moscow,16.736666666666668,11.1,21.353333333333335,30,69.0,0.0,week,Moscow · Central Russia,RU,RUS,region,RU-MOW,open_meteo,55.7558,37.6173,Europe/Moscow,north,humid continental,deep_dive,2023,6,Jun,1.549632981266741,0.7731362467866324,18.208000000000006,74.26666666666667,-1.4713333333333374,-5.266666666666666
2023-07-01,moscow,18.212903225806453,14.193548387096774,21.816129032258065,31,61.064516129032256,0.0,week,Moscow · Central Russia,RU,RUS,region,RU-MOW,open_meteo,55.7558,37.6173,Europe/Moscow,north,humid continental,deep_dive,2023,7,Jul,1.0078570719419895,0.6201384857782569,20.901290322580643,70.38064516129032,-2.688387096774189,-9.316129032258061
2023-08-01,moscow,19.229032258064517,14.816129032258065,23.13225806451613,31,56.41935483870968,0.0,week,Moscow · Central Russia,RU,RUS,region,RU-MOW,open_meteo,55.7558,37.6173,Europe/Moscow,north,humid continental,deep_dive,2023,8,Aug,0.6907199542884769,0.5305788207977445,19.31225806451613,49.70967741935483,-0.08322580645161182,6.709677419354847
2023-09-01,moscow,14.783333333333331,10.246666666666666,19.25,30,40.93333333333333,0.0,week,Moscow · Central Russia,RU,RUS,region,RU-MOW,open_meteo,55.7558,37.6173,Europe/Moscow,north,humid continental,deep_dive,2023,9,Sep,-0.3665505939628879,0.23200514138817477,13.171333333333333,38.22,1.6119999999999983,2.713333333333331
2023-10-01,moscow,5.354838709677419,3.0354838709677416,7.638709677419355,31,32.61290322580645,0.0,week,Moscow · Central Russia,RU,RUS,region,RU-MOW,open_meteo,55.7558,37.6173,Europe/Moscow,north,humid continental,deep_dive,2023,10,Oct,-0.9346077736857776,0.07158553777261793,6.501935483870968,34.30322580645161,-1.1470967741935487,-1.6903225806451587
2023-11-01,moscow,0.1633333333333332,-1.97,2.19,30,34.833333333333336,0.0,week,Moscow · Central Russia,RU,RUS,region,RU-MOW,open_meteo,55.7558,37.6173,Europe/Moscow,north,humid continental,deep_dive,2023,11,Nov,-0.783013294992605,0.11439588688946023,0.8526666666666667,34.96,-0.6893333333333335,-0.12666666666666515
2023-12-01,moscow,-5.84516129032258,-8.03225806451613,-4.0,31,32.354838709677416,0.0,week,Moscow · Central Russia,RU,RUS,region,RU-MOW,open_meteo,55.7558,37.6173,Europe/Moscow,north,humid continental,deep_dive,2023,12,Dec,-0.9522265024443061,0.06661000082925612,-4.844516129032258,33.490322580645156,-1.000645161290322,-1.1354838709677395
2024-01-01,moscow,-12.138709677419357,-15.577419354838709,-8.77741935483871,31,35.0,0.0,week,Moscow · Central Russia,RU,RUS,region,RU-MOW,open_meteo,55.7558,37.6173,Europe/Moscow,north,humid continental,deep_dive,2024,1,Jan,-0.7716345326693888,0.11760925449871468,-6.683870967741936,37.03225806451613,-5.4548387096774205,-2.032258064516128
2024-02-01,moscow,-6.041379310344827,-8.427586206896551,-3.7517241379310344,29,37.758620689655174,0.0,week,Moscow · Central Russia,RU,RUS,region,RU-MOW,open_meteo,55.7558,37.6173,Europe/Moscow,north,humid continental,deep_dive,2024,2,Feb,-0.5832963976644289,0.17079602872085814,-6.481133004926109,36.90886699507389,0.4397536945812819,0.8497536945812811
2024-03-01,moscow,-1.3387096774193548,-5.300000000000001,2.6548387096774193,31,37.096774193548384,0.0,week,Moscow · Central Russia,RU,RUS,region,RU-MOW,open_meteo,55.7558,37.6173,Europe/Moscow,north,humid continental,deep_dive,2024,3,Mar,-0.628482361506345,0.1580354921635293,-1.3748387096774195,38.49677419354839,0.03612903225806474,-1.4000000000000057
2024-04-01,moscow,9.373333333333331,4.3133333333333335,14.133333333333333,30,45.733333333333334,0.0,week,Moscow · Central Russia,RU,RUS,region,RU-MOW,open_meteo,55.7558,37.6173,Europe/Moscow,north,humid continental,deep_dive,2024,4,Apr,-0.03884223905425753,0.3245501285347044,6.943333333333333,46.82,2.429999999999998,-1.086666666666666
2024-05-01,moscow,11.667741935483871,6.116129032258065,15.996774193548386,31,60.61290322580645,0.0,week,Moscow · Central Russia,RU,RUS,region,RU-MOW,open_meteo,55.7558,37.6173,Europe/Moscow,north,humid continental,deep_dive,2024,5,May,0.9770242966145646,0.6114312961273737,11.931612903225806,61.038709677419355,-0.2638709677419353,-0.42580645161290676
2024-06-01,moscow,19.753333333333337,15.03,23.91,30,70.06666666666666,0.0,week,Moscow · Central Russia,RU,RUS,region,RU-MOW,open_meteo,55.7558,37.6173,Europe/Moscow,north,humid continental,deep_dive,2024,6,Jun,1.6224570601353252,0.7937017994858612,18.208000000000006,74.26666666666667,1.545333333333332,-4.200000000000003
2024-07-01,moscow,21.98064516129032,17.093548387096774,26.24516129032258,31,72.74193548387096,0.0,week,Moscow · Central Russia,RU,RUS,region,RU-MOW,open_meteo,55.7558,37.6173,Europe/Moscow,north,humid continental,deep_dive,2024,7,Jul,1.8051045482654038,0.8452815324653784,20.901290322580643,70.38064516129032,1.0793548387096763,2.3612903225806434
2024-08-01,moscow,18.88064516129032,14.27741935483871,23.27741935483871,31,53.83870967741935,0.0,week,Moscow · Central Russia,RU,RUS,region,RU-MOW,open_meteo,55.7558,37.6173,Europe/Moscow,north,humid continental,deep_dive,2024,8,Aug,0.5145326667031915,0.48082345136412635,19.31225806451613,49.70967741935483,-0.43161290322580825,4.12903225806452
2024-09-01,moscow,17.296666666666667,12.286666666666669,22.226666666666667,30,39.8,0.0,week,Moscow · Central Russia,RU,RUS,region,RU-MOW,open_meteo,55.7558,37.6173,Europe/Moscow,north,humid continental,deep_dive,2024,9,Sep,-0.4439261777607589,0.21015424164524418,13.171333333333333,38.22,4.125333333333334,1.5799999999999983
2024-10-01,moscow,7.490322580645161,4.683870967741935,10.612903225806452,31,32.70967741935484,0.0,week,Moscow · Central Russia,RU,RUS,region,RU-MOW,open_meteo,55.7558,37.6173,Europe/Moscow,north,humid continental,deep_dive,2024,10,Oct,-0.9280007504013291,0.07345136412637869,6.501935483870968,34.30322580645161,0.9883870967741935,-1.5935483870967673
2024-11-01,moscow,0.8133333333333332,-1.2333333333333334,2.8266666666666667,30,34.666666666666664,0.0,week,Moscow · Central Russia,RU,RUS,region,RU-MOW,open_meteo,55.7558,37.6173,Europe/Moscow,north,humid continental,deep_dive,2024,11,Nov,-0.7943920573158216,0.11118251928020563,0.8526666666666667,34.96,-0.03933333333333344,-0.29333333333333655
2024-12-01,moscow,-3.2,-5.393548387096774,-1.3806451612903226,31,32.29032258064516,0.0,week,Moscow · Central Russia,RU,RUS,region,RU-MOW,open_meteo,55.7558,37.6173,Europe/Moscow,north,humid continental,deep_dive,2024,12,Dec,-0.9566311846339381,0.06536611659341571,-4.844516129032258,33.490322580645156,1.644516129032258,-1.1999999999999957
2025-01-01,moscow,-1.0741935483870966,-3.125806451612903,0.7419354838709677,31,37.12903225806452,0.0,week,Moscow · Central Russia,RU,RUS,region,RU-MOW,open_meteo,55.7558,37.6173,Europe/Moscow,north,humid continental,deep_dive,2025,1,Jan,-0.6262800204115284,0.15865743428144963,-6.683870967741936,37.03225806451613,5.609677419354839,0.09677419354839145
2025-02-01,moscow,-5.110714285714286,-7.703571428571428,-2.167857142857143,28,37.82142857142857,0.0,week,Moscow · Central Russia,RU,RUS,region,RU-MOW,open_meteo,55.7558,37.6173,Europe/Moscow,north,humid continental,deep_dive,2025,2,Feb,-0.5790083419120841,0.17200697759823722,-6.481133004926109,36.90886699507389,1.3704187192118233,0.9125615763546762
2025-03-01,moscow,3.083870967741935,-1.0,7.138709677419354,31,36.70967741935484,0.0,week,Moscow · Central Russia,RU,RUS,region,RU-MOW,open_meteo,55.7558,37.6173,Europe/Moscow,north,humid continental,deep_dive,2025,3,Mar,-0.6549104546441374,0.15057218674848666,-1.3748387096774195,38.49677419354839,4.458709677419355,-1.7870967741935502
2025-04-01,moscow,7.136666666666667,2.5933333333333333,11.61,30,48.5,0.0,week,Moscow · Central Russia,RU,RUS,region,RU-MOW,open_meteo,55.7558,37.6173,Europe/Moscow,north,humid continental,deep_dive,2025,4,Apr,0.15004521551113337,0.37789203084832906,6.943333333333333,46.82,0.19333333333333336,1.6799999999999997
2025-05-01,moscow,12.609677419354838,7.448387096774193,17.161290322580644,31,60.483870967741936,0.0,week,Moscow · Central Russia,RU,RUS,region,RU-MOW,open_meteo,55.7558,37.6173,Europe/Moscow,north,humid continental,deep_dive,2025,5,May,0.9682149322353006,0.6089435276556929,11.931612903225806,61.038709677419355,0.678064516129032,-0.5548387096774192
2025-06-01,moscow,16.603333333333335,12.5,20.31,30,80.76666666666667,0.0,week,Moscow · Central Russia,RU,RUS,region,RU-MOW,open_meteo,55.7558,37.6173,Europe/Moscow,north,humid continental,deep_dive,2025,6,Jun,2.3529736012858136,1.0,18.208000000000006,74.26666666666667,-1.6046666666666702,6.5
2025-07-01,moscow,21.270967741935483,16.700000000000003,25.496774193548383,31,74.2258064516129,0.0,week,Moscow · Central Russia,RU,RUS,region,RU-MOW,open_meteo,55.7558,37.6173,Europe/Moscow,north,humid continental,deep_dive,2025,7,Jul,1.9064122386269426,0.8738908698897089,20.901290322580643,70.38064516129032,0.36967741935484,3.8451612903225794
2025-08-01,moscow,16.925806451612903,13.387096774193548,20.55806451612903,31,58.54838709677419,0.0,week,Moscow · Central Russia,RU,RUS,region,RU-MOW,open_meteo,55.7558,37.6173,Europe/Moscow,north,humid continental,deep_dive,2025,8,Aug,0.8360744665463368,0.5716270005804793,19.31225806451613,49.70967741935483,-2.386451612903226,8.83870967741936
2025-09-01,moscow,13.513333333333332,9.826666666666666,17.186666666666667,30,45.13333333333333,0.0,week,Moscow · Central Russia,RU,RUS,region,RU-MOW,open_meteo,55.7558,37.6173,Europe/Moscow,north,humid continental,deep_dive,2025,9,Sep,-0.0798057834178364,0.3129820051413882,13.171333333333333,38.22,0.34199999999999875,6.913333333333334
2025-10-01,moscow,6.906451612903226,4.877419354838709,9.183870967741935,31,39.38709677419355,0.0,week,Moscow · Central Russia,RU,RUS,region,RU-MOW,open_meteo,55.7558,37.6173,Europe/Moscow,north,humid continental,deep_dive,2025,10,Oct,-0.4721161437744041,0.2021933825358654,6.501935483870968,34.30322580645161,0.40451612903225787,5.0838709677419445
2025-11-01,moscow,2.9133333333333336,1.12,4.8,30,42.96666666666667,0.0,week,Moscow · Central Russia,RU,RUS,region,RU-MOW,open_meteo,55.7558,37.6173,Europe/Moscow,north,humid continental,deep_dive,2025,11,Nov,-0.22772969361964843,0.27120822622107976,0.8526666666666667,34.96,2.060666666666667,8.006666666666668
2025-12-01,moscow,-2.035483870967742,-3.8225806451612905,-0.5064516129032258,31,39.483870967741936,0.0,week,Moscow · Central Russia,RU,RUS,region,RU-MOW,open_meteo,55.7558,37.6173,Europe/Moscow,north,humid continental,deep_dive,2025,12,Dec,-0.4655091204899561,0.20405920888962603,-4.844516129032258,33.490322580645156,2.809032258064516,5.99354838709678
2021-01-01,rome,7.387096774193548,4.33225806451613,10.63548387096774,31,18.870967741935484,0.0,week,Rome · Italy,IT,ITA,region,IT-62,open_meteo,41.9028,12.4964,Europe/Rome,north,mediterranean,comparison,2021,1,Jan,-0.9443179592483165,0.04088443888193577,8.474193548387097,18.47741935483871,-1.087096774193549,0.3935483870967751
2021-02-01,rome,9.87857142857143,5.589285714285714,14.360714285714286,28,25.142857142857142,0.0,week,Rome · Italy,IT,ITA,region,IT-62,open_meteo,41.9028,12.4964,Europe/Rome,north,mediterranean,comparison,2021,2,Feb,-0.6640136388727187,0.12199773526431851,9.545837438423646,22.351970443349753,0.3327339901477835,2.7908866995073893
2021-03-01,rome,10.096774193548388,5.45483870967742,14.858064516129032,31,30.967741935483872,0.0,week,Rome · Italy,IT,ITA,region,IT-62,open_meteo,41.9028,12.4964,Europe/Rome,north,mediterranean,comparison,2021,3,Mar,-0.40368692252095095,0.19732999582811853,11.147741935483872,29.174193548387098,-1.0509677419354837,1.7935483870967737
2021-04-01,rome,12.343333333333334,7.84,16.673333333333332,30,39.3,0.0,week,Rome · Italy,IT,ITA,region,IT-62,open_meteo,41.9028,12.4964,Europe/Rome,north,mediterranean,comparison,2021,4,Apr,-0.03130026442314173,0.30508969545264913,13.564666666666668,41.78,-1.2213333333333338,-2.480000000000004
2021-05-01,rome,17.016129032258064,12.774193548387096,21.345161290322583,31,55.354838709677416,0.0,week,Rome · Italy,IT,ITA,region,IT-62,open_meteo,41.9028,12.4964,Europe/Rome,north,mediterranean,comparison,2021,5,May,0.6862252475214179,0.5127242386316229,18.12516129032258,54.20645161290322,-1.1090322580645164,1.1483870967741936
2021-06-01,rome,23.333333333333332,17.543333333333333,28.596666666666668,30,73.73333333333333,0.0,week,Rome · Italy,IT,ITA,region,IT-62,open_meteo,41.9028,12.4964,Europe/Rome,north,mediterranean,comparison,2021,6,Jun,1.5075999746097852,0.7504102350159922,23.984,75.16,-0.6506666666666696,-1.4266666666666623
2021-07-01,rome,26.10967741935484,20.97741935483871,31.148387096774194,31,79.16129032258064,0.0,week,Rome · Italy,IT,ITA,region,IT-62,open_meteo,41.9028,12.4964,Europe/Rome,north,mediterranean,comparison,2021,7,Jul,1.7501871278008732,0.8206090947017105,27.061290322580646,77.7483870967742,-0.9516129032258078,1.4129032258064456
2021-08-01,rome,26.112903225806452,21.55161290322581,30.758064516129032,31,85.16129032258064,0.0,week,Rome · Italy,IT,ITA,region,IT-62,open_meteo,41.9028,12.4964,Europe/Rome,north,mediterranean,comparison,2021,8,Aug,2.0183401220176465,0.8982060909470172,26.494193548387095,61.277419354838706,-0.381290322580643,23.883870967741935
2021-09-01,rome,22.92,18.44,27.573333333333338,30,45.7,0.0,week,Rome · Italy,IT,ITA,region,IT-62,open_meteo,41.9028,12.4964,Europe/Rome,north,mediterranean,comparison,2021,9,Sep,0.25472959607475004,0.3878598247809763,22.288,36.193333333333335,0.6320000000000014,9.506666666666668
2021-10-01,rome,16.54516129032258,13.061290322580644,20.664516129032258,31,24.870967741935484,0.0,week,Rome · Italy,IT,ITA,region,IT-62,open_meteo,41.9028,12.4964,Europe/Rome,north,mediterranean,comparison,2021,10,Oct,-0.6761649650315432,0.11848143512724241,18.15290322580645,25.270967741935486,-1.6077419354838725,-0.40000000000000213
2021-11-01,rome,13.636666666666668,10.843333333333334,17.066666666666666,30,21.066666666666663,0.0,week,Rome · Italy,IT,ITA,region,IT-62,open_meteo,41.9028,12.4964,Europe/Rome,north,mediterranean,comparison,2021,11,Nov,-0.8461874190707807,0.06928104575163395,13.303333333333336,19.886666666666667,0.33333333333333215,1.1799999999999962
2021-12-01,rome,8.796774193548387,5.364516129032259,12.670967741935485,31,21.032258064516128,0.0,week,Rome · Italy,IT,ITA,region,IT-62,open_meteo,41.9028,12.4964,Europe/Rome,north,mediterranean,comparison,2021,12,Dec,-0.8477252140196939,0.0688360450563204,9.751612903225809,18.47741935483871,-0.9548387096774213,2.554838709677419
2022-01-01,rome,7.080645161290323,3.1967741935483875,11.661290322580646,31,19.967741935483872,0.0,week,Rome · Italy,IT,ITA,region,IT-62,open_meteo,41.9028,12.4964,Europe/Rome,north,mediterranean,comparison,2022,1,Jan,-0.895300745251702,0.055068836045056344,8.474193548387097,18.47741935483871,-1.3935483870967742,1.490322580645163
2022-02-01,rome,9.139285714285714,4.867857142857143,13.75357142857143,28,24.535714285714285,0.0,week,Rome · Italy,IT,ITA,region,IT-62,open_meteo,41.9028,12.4964,Europe/Rome,north,mediterranean,comparison,2022,2,Feb,-0.691148168049416,0.11414565826330533,9.545837438423646,22.351970443349753,-0.40655172413793217,2.1837438423645317
2022-03-01,rome,9.54516129032258,4.683870967741935,14.687096774193549,31,30.29032258064516,0.0,week,Rome · Italy,IT,ITA,region,IT-62,open_meteo,41.9028,12.4964,Europe/Rome,north,mediterranean,comparison,2022,3,Mar,-0.43396226057768356,0.18856904463913227,11.147741935483872,29.174193548387098,-1.6025806451612912,1.116129032258062
2022-04-01,rome,13.163333333333332,8.326666666666666,17.85,30,48.0,0.0,week,Rome · Italy,IT,ITA,region,IT-62,open_meteo,41.9028,12.4964,Europe/Rome,north,mediterranean,comparison,2022,4,Apr,0.3575215771911797,0.4176053400083438,13.564666666666668,41.78,-0.4013333333333353,6.219999999999999
2022-05-01,rome,20.31935483870968,14.480645161290322,25.706451612903223,31,69.03225806451613,0.0,week,Rome · Italy,IT,ITA,region,IT-62,open_meteo,41.9028,12.4964,Europe/Rome,north,mediterranean,comparison,2022,5,May,1.2974987397144926,0.6896120150187736,18.12516129032258,54.20645161290322,2.194193548387098,14.825806451612905
2022-06-01,rome,25.913333333333338,20.006666666666668,31.636666666666667,30,90.53333333333332,0.0,week,Rome · Italy,IT,ITA,region,IT-62,open_meteo,41.9028,12.4964,Europe/Rome,north,mediterranean,comparison,2022,6,Jun,2.25842835841675,0.9676818245028508,23.984,75.16,1.9293333333333358,15.37333333333332
2022-07-01,rome,27.80967741935484,22.01935483870968,33.34193548387096,31,93.03225806451611,0.0,week,Rome · Italy,IT,ITA,region,IT-62,open_meteo,41.9028,12.4964,Europe/Rome,north,mediterranean,comparison,2022,7,Jul,2.370110716581585,1.0,27.061290322580646,77.7483870967742,0.748387096774195,15.283870967741919
2022-08-01,rome,26.58709677419355,21.616129032258065,31.55483870967742,31,30.419354838709676,0.0,week,Rome · Italy,IT,ITA,region,IT-62,open_meteo,41.9028,12.4964,Europe/Rome,north,mediterranean,comparison,2022,8,Aug,-0.4281955295192583,0.1902377972465582,26.494193548387095,61.277419354838706,0.09290322580645594,-30.85806451612903
2022-09-01,rome,21.916666666666668,17.98,26.066666666666663,30,34.86666666666667,0.0,week,Rome · Italy,IT,ITA,region,IT-62,open_meteo,41.9028,12.4964,Europe/Rome,north,mediterranean,comparison,2022,9,Sep,-0.22943553237220188,0.24775413711583927,22.288,36.193333333333335,-0.3713333333333324,-1.326666666666668
2022-10-01,rome,18.693548387096776,14.34516129032258,23.393548387096775,31,31.580645161290324,0.0,week,Rome · Italy,IT,ITA,region,IT-62,open_meteo,41.9028,12.4964,Europe/Rome,north,mediterranean,comparison,2022,10,Oct,-0.3762949499934311,0.2052565707133918,18.15290322580645,25.270967741935486,0.5406451612903247,6.309677419354838
2022-11-01,rome,13.3,10.046666666666663,17.186666666666667,30,23.5,0.0,week,Rome · Italy,IT,ITA,region,IT-62,open_meteo,41.9028,12.4964,Europe/Rome,north,mediterranean,comparison,2022,11,Nov,-0.7374364825273113,0.1007509386733417,13.303333333333336,19.886666666666667,-0.0033333333333356308,3.6133333333333333
2022-12-01,rome,11.53225806451613,8.719354838709679,14.861290322580643,31,20.0,0.0,week,Rome · Italy,IT,ITA,region,IT-62,open_meteo,41.9028,12.4964,Europe/Rome,north,mediterranean,comparison,2022,12,Dec,-0.8938590624870958,0.05548602419691282,9.751612903225809,18.47741935483871,1.7806451612903214,1.522580645161291
2023-01-01,rome,8.483870967741936,5.090322580645162,12.419354838709678,31,20.870967741935484,0.0,week,Rome · Italy,IT,ITA,region,IT-62,open_meteo,41.9028,12.4964,Europe/Rome,north,mediterranean,comparison,2023,1,Jan,-0.8549336278427254,0.06675010429703798,8.474193548387097,18.47741935483871,0.00967741935483879,2.393548387096775
2023-02-01,rome,8.035714285714286,3.653571428571429,12.889285714285714,28,23.464285714285715,0.0,week,Rome · Italy,IT,ITA,region,IT-62,open_meteo,41.9028,12.4964,Europe/Rome,north,mediterranean,comparison,2023,2,Feb,-0.7390326313024111,0.10028905179092917,9.545837438423646,22.351970443349753,-1.51012315270936,1.1123152709359623
2023-03-01,rome,11.567741935483872,7.596774193548387,15.63548387096774,31,31.29032258064516,0.0,week,Rome · Italy,IT,ITA,region,IT-62,open_meteo,41.9028,12.4964,Europe/Rome,north,mediterranean,comparison,2023,3,Mar,-0.38927009487488795,0.20150187734668337,11.147741935483872,29.174193548387098,0.41999999999999993,2.116129032258062
2023-04-01,rome,12.816666666666666,8.21,17.14,30,45.63333333333333,0.0,week,Rome · Italy,IT,ITA,region,IT-62,open_meteo,41.9028,12.4964,Europe/Rome,north,mediterranean,comparison,2023,4,Apr,0.25175011836123024,0.38699763593380615,13.564666666666668,41.78,-0.7480000000000011,3.8533333333333317
2023-05-01,rome,17.570967741935487,13.306451612903226,21.725806451612904,31,54.903225806451616,0.0,week,Rome · Italy,IT,ITA,region,IT-62,open_meteo,41.9028,12.4964,Europe/Rome,north,mediterranean,comparison,2023,5,May,0.6660416888169298,0.5068836045056321,18.12516129032258,54.20645161290322,-0.5541935483870937,0.6967741935483929
2023-06-01,rome,22.346666666666668,17.383333333333333,26.790000000000003,30,76.5,0.0,week,Rome · Italy,IT,ITA,region,IT-62,open_meteo,41.9028,12.4964,Europe/Rome,north,mediterranean,comparison,2023,6,Jun,1.631248299720853,0.7861910721735503,23.984,75.16,-1.6373333333333342,1.3400000000000034
2023-07-01,rome,27.112903225806452,21.883870967741935,32.00967741935484,31,83.74193548387096,0.0,week,Rome · Italy,IT,ITA,region,IT-62,open_meteo,41.9028,12.4964,Europe/Rome,north,mediterranean,comparison,2023,7,Jul,1.954906080374969,0.8798498122653318,27.061290322580646,77.7483870967742,0.051612903225805695,5.993548387096766
2023-08-01,rome,25.612903225806452,20.73225806451613,30.467741935483872,31,73.09677419354838,0.0,week,Rome · Italy,IT,ITA,region,IT-62,open_meteo,41.9028,12.4964,Europe/Rome,north,mediterranean,comparison,2023,8,Aug,1.4791507680548874,0.742177722152691,26.494193548387095,61.277419354838706,-0.881290322580643,11.819354838709678
2023-09-01,rome,23.21333333333333,18.58,28.256666666666668,30,39.9,0.0,week,Rome · Italy,IT,ITA,region,IT-62,open_meteo,41.9028,12.4964,Europe/Rome,north,mediterranean,comparison,2023,9,Sep,-0.004484965001464338,0.3128493950771798,22.288,36.193333333333335,0.9253333333333309,3.7066666666666634
2023-10-01,rome,20.5,16.541935483870965,24.580645161290324,31,25.64516129032258,0.0,week,Rome · Italy,IT,ITA,region,IT-62,open_meteo,41.9028,12.4964,Europe/Rome,north,mediterranean,comparison,2023,10,Oct,-0.6415645786809919,0.1284939507717981,18.15290322580645,25.270967741935486,2.347096774193549,0.37419354838709395
2023-11-01,rome,13.953333333333337,10.85,17.23,30,17.933333333333334,0.0,week,Rome · Italy,IT,ITA,region,IT-62,open_meteo,41.9028,12.4964,Europe/Rome,north,mediterranean,comparison,2023,11,Nov,-0.9862228716062066,0.02875816993464054,13.303333333333336,19.886666666666667,0.6500000000000004,-1.9533333333333331
2023-12-01,rome,10.296774193548387,7.058064516129033,13.903225806451612,31,15.806451612903226,0.0,week,Rome · Italy,IT,ITA,region,IT-62,open_meteo,41.9028,12.4964,Europe/Rome,north,mediterranean,comparison,2023,12,Dec,-1.0812778218859158,0.0012515644555694723,9.751612903225809,18.47741935483871,0.5451612903225787,-2.670967741935483
2024-01-01,rome,9.687096774193549,6.219354838709678,13.451612903225806,31,16.548387096774192,0.0,week,Rome · Italy,IT,ITA,region,IT-62,open_meteo,41.9028,12.4964,Europe/Rome,north,mediterranean,comparison,2024,1,Jan,-1.0481191182999707,0.01084689194826866,8.474193548387097,18.47741935483871,1.2129032258064516,-1.9290322580645167
2024-02-01,rome,10.782758620689656,6.706896551724138,15.096551724137932,29,19.724137931034484,0.0,week,Rome · Italy,IT,ITA,region,IT-62,open_meteo,41.9028,12.4964,Europe/Rome,north,mediterranean,comparison,2024,2,Feb,-0.9061879357844187,0.05191834620862288,9.545837438423646,22.351970443349753,1.2369211822660091,-2.627832512315269
2024-03-01,rome,12.548387096774194,9.12258064516129,16.161290322580644,31,26.870967741935484,0.0,week,Rome · Italy,IT,ITA,region,IT-62,open_meteo,41.9028,12.4964,Europe/Rome,north,mediterranean,comparison,2024,3,Mar,-0.5867806336259521,0.14434710054234462,11.147741935483872,29.174193548387098,1.4006451612903223,-2.3032258064516142
2024-04-01,rome,14.98,10.15,19.566666666666663,30,38.86666666666667,0.0,week,Rome · Italy,IT,ITA,region,IT-62,open_meteo,41.9028,12.4964,Europe/Rome,north,mediterranean,comparison,2024,4,Apr,-0.05066686956101966,0.2994854679460437,13.564666666666668,41.78,1.4153333333333329,-2.913333333333334
2024-05-01,rome,18.029032258064515,13.548387096774194,22.19032258064516,31,44.03225806451613,0.0,week,Rome · Italy,IT,ITA,region,IT-62,open_meteo,41.9028,12.4964,Europe/Rome,north,mediterranean,comparison,2024,5,May,0.18019459714460376,0.3662911973299958,18.12516129032258,54.20645161290322,-0.0961290322580659,-10.174193548387095
2024-06-01,rome,22.736666666666668,17.526666666666664,27.45,30,63.2,0.0,week,Rome · Italy,IT,ITA,region,IT-62,open_meteo,41.9028,12.4964,Europe/Rome,north,mediterranean,comparison,2024,6,Jun,1.0368424958736722,0.6141843971631207,23.984,75.16,-1.2473333333333336,-11.959999999999994
2024-07-01,rome,27.858064516129033,22.135483870967743,33.10322580645161,31,62.29032258064516,0.0,week,Rome · Italy,IT,ITA,region,IT-62,open_meteo,41.9028,12.4964,Europe/Rome,north,mediterranean,comparison,2024,7,Jul,0.9961870419117742,0.6024196912807677,27.061290322580646,77.7483870967742,0.7967741935483872,-15.458064516129035
2024-08-01,rome,28.193548387096776,23.200000000000003,33.25806451612903,31,55.83870967741935,0.0,week,Rome · Italy,IT,ITA,region,IT-62,open_meteo,41.9028,12.4964,Europe/Rome,north,mediterranean,comparison,2024,8,Aug,0.7078504889905125,0.5189820609094702,26.494193548387095,61.277419354838706,1.6993548387096808,-5.438709677419354
2024-09-01,rome,21.473333333333336,17.740000000000002,25.40666666666667,30,27.133333333333333,0.0,week,Rome · Italy,IT,ITA,region,IT-62,open_meteo,41.9028,12.4964,Europe/Rome,north,mediterranean,comparison,2024,9,Sep,-0.5750549471404875,0.14774023084411073,22.288,36.193333333333335,-0.814666666666664,-9.060000000000002
2024-10-01,rome,18.296774193548387,14.996774193548386,21.990322580645163,31,21.838709677419356,0.0,week,Rome · Italy,IT,ITA,region,IT-62,open_meteo,41.9028,12.4964,Europe/Rome,north,mediterranean,comparison,2024,10,Oct,-0.8116831449045362,0.07926574885273262,18.15290322580645,25.270967741935486,0.14387096774193608,-3.4322580645161302
2024-11-01,rome,13.176666666666668,9.59,17.293333333333333,30,16.566666666666666,0.0,week,Rome · Italy,IT,ITA,region,IT-62,open_meteo,41.9028,12.4964,Europe/Rome,north,mediterranean,comparison,2024,11,Nov,-1.0473021647333605,0.011083298567654018,13.303333333333336,19.886666666666667,-0.1266666666666687,-3.3200000000000003
2024-12-01,rome,8.470967741935485,5.029032258064516,12.848387096774196,31,15.709677419354838,0.0,week,Rome · Italy,IT,ITA,region,IT-62,open_meteo,41.9028,12.4964,Europe/Rome,north,mediterranean,comparison,2024,12,Dec,-1.0856028701797347,0.0,9.751612903225809,18.47741935483871,-1.2806451612903231,-2.767741935483871
2025-01-01,rome,9.73225806451613,6.532258064516129,13.261290322580646,31,16.129032258064516,0.0,week,Rome · Italy,IT,ITA,region,IT-62,open_meteo,41.9028,12.4964,Europe/Rome,north,mediterranean,comparison,2025,1,Jan,-1.0668609942398528,0.005423445974134342,8.474193548387097,18.47741935483871,1.258064516129032,-2.348387096774193
2025-02-01,rome,9.892857142857142,6.175,13.95,28,18.892857142857142,0.0,week,Rome · Italy,IT,ITA,region,IT-62,open_meteo,41.9028,12.4964,Europe/Rome,north,mediterranean,comparison,2025,2,Feb,-0.9433396745151909,0.041167530842124093,9.545837438423646,22.351970443349753,0.34701970443349595,-3.4591133004926107
2025-03-01,rome,11.980645161290322,8.361290322580645,15.97741935483871,31,26.451612903225808,0.0,week,Rome · Italy,IT,ITA,region,IT-62,open_meteo,41.9028,12.4964,Europe/Rome,north,mediterranean,comparison,2025,3,Mar,-0.6055225095658341,0.1389236545682103,11.147741935483872,29.174193548387098,0.8329032258064508,-2.7225806451612904
2025-04-01,rome,14.52,9.97,18.85666666666667,30,37.1,0.0,week,Rome · Italy,IT,ITA,region,IT-62,open_meteo,41.9028,12.4964,Europe/Rome,north,mediterranean,comparison,2025,4,Apr,-0.12962302896929176,0.27663746349603674,13.564666666666668,41.78,0.955333333333332,-4.68
2025-05-01,rome,17.690322580645162,12.761290322580646,21.887096774193548,31,47.70967741935484,0.0,week,Rome · Italy,IT,ITA,region,IT-62,open_meteo,41.9028,12.4964,Europe/Rome,north,mediterranean,comparison,2025,5,May,0.344546432309723,0.4138506466416354,18.12516129032258,54.20645161290322,-0.4348387096774182,-6.496774193548383
2025-06-01,rome,25.59,19.413333333333338,30.926666666666662,30,71.83333333333333,0.0,week,Rome · Italy,IT,ITA,region,IT-62,open_meteo,41.9028,12.4964,Europe/Rome,north,mediterranean,comparison,2025,6,Jun,1.4226848597744735,0.7258378528716452,23.984,75.16,1.605999999999998,-3.326666666666668
2025-07-01,rome,26.416129032258063,21.312903225806455,31.116129032258065,31,70.51612903225806,0.0,week,Rome · Italy,IT,ITA,region,IT-62,open_meteo,41.9028,12.4964,Europe/Rome,north,mediterranean,comparison,2025,7,Jul,1.3638161468863828,0.708802670004172,27.061290322580646,77.7483870967742,-0.6451612903225836,-7.232258064516131
2025-08-01,rome,25.96451612903226,21.05806451612903,30.751612903225805,31,61.87096774193548,0.0,week,Rome · Italy,IT,ITA,region,IT-62,open_meteo,41.9028,12.4964,Europe/Rome,north,mediterranean,comparison,2025,8,Aug,0.977445165971892,0.5969962453066333,26.494193548387095,61.277419354838706,-0.5296774193548366,0.5935483870967744
2025-09-01,rome,21.916666666666668,17.92,25.91,30,33.36666666666667,0.0,week,Rome · Italy,IT,ITA,region,IT-62,open_meteo,41.9028,12.4964,Europe/Rome,north,mediterranean,comparison,2025,9,Sep,-0.2964737809263952,0.2283548880545126,22.288,36.193333333333335,-0.3713333333333324,-2.826666666666668
2025-10-01,rome,16.729032258064517,12.896774193548389,20.780645161290323,31,22.419354838709676,0.0,week,Rome · Italy,IT,ITA,region,IT-62,open_meteo,41.9028,12.4964,Europe/Rome,north,mediterranean,comparison,2025,10,Oct,-0.7857328551416227,0.08677513558614935,18.15290322580645,25.270967741935486,-1.4238709677419337,-2.85161290322581
2025-11-01,rome,12.45,8.9,16.393333333333334,30,20.366666666666667,0.0,week,Rome · Italy,IT,ITA,region,IT-62,open_meteo,41.9028,12.4964,Europe/Rome,north,mediterranean,comparison,2025,11,Nov,-0.8774719350627374,0.060228062856348234,13.303333333333336,19.886666666666667,-0.853333333333337,0.4800000000000004
2025-12-01,rome,9.661290322580646,6.245161290322581,14.19032258064516,31,19.838709677419356,0.0,week,Rome · Italy,IT,ITA,region,IT-62,open_meteo,41.9028,12.4964,Europe/Rome,north,mediterranean,comparison,2025,12,Dec,-0.9010674763101273,0.0534000834376304,9.751612903225809,18.47741935483871,-0.09032258064516263,1.361290322580647
2021-01-01,sao_paulo,23.23225806451613,20.27741935483871,27.26451612903226,31,45.61290322580645,0.0,week,São Paulo · Brazil,BR,BRA,region,BR-SP,open_meteo,-23.5505,-46.6333,America/Sao_Paulo,south,humid subtropical,comparison,2021,1,Jan,0.9682567950497671,0.7129758128469468,22.38774193548387,43.9741935483871,0.8445161290322609,1.6387096774193495
2021-02-01,sao_paulo,21.821428571428573,18.603571428571428,25.760714285714283,28,42.142857142857146,0.0,week,São Paulo · Brazil,BR,BRA,region,BR-SP,open_meteo,-23.5505,-46.6333,America/Sao_Paulo,south,humid subtropical,comparison,2021,2,Feb,0.6005076586111302,0.6330010195989577,22.59256157635468,41.830541871921184,-0.7711330049261065,0.31231527093596156
2021-03-01,sao_paulo,22.54516129032258,19.34193548387097,26.848387096774193,31,39.74193548387097,0.0,week,São Paulo · Brazil,BR,BRA,region,BR-SP,open_meteo,-23.5505,-46.6333,America/Sao_Paulo,south,humid subtropical,comparison,2021,3,Mar,0.3460623729743036,0.5776665344964313,22.436129032258066,40.167741935483875,0.10903225806451289,-0.42580645161290676
2021-04-01,sao_paulo,18.756666666666668,15.706666666666669,23.02,30,30.2,0.0,week,São Paulo · Brazil,BR,BRA,region,BR-SP,open_meteo,-23.5505,-46.6333,America/Sao_Paulo,south,humid subtropical,comparison,2021,4,Apr,-0.6651744954318625,0.357751784298176,19.874000000000002,30.28666666666667,-1.1173333333333346,-0.08666666666666956
2021-05-01,sao_paulo,17.76451612903226,13.970967741935484,22.654838709677417,31,26.64516129032258,0.0,week,São Paulo · Brazil,BR,BRA,region,BR-SP,open_meteo,-23.5505,-46.6333,America/Sao_Paulo,south,humid subtropical,comparison,2021,5,May,-1.0419097993478852,0.27582275971451226,18.23225806451613,28.051612903225806,-0.4677419354838719,-1.4064516129032256
2021-06-01,sao_paulo,16.36,13.15,20.866666666666667,30,24.8,0.0,week,São Paulo · Brazil,BR,BRA,region,BR-SP,open_meteo,-23.5505,-46.6333,America/Sao_Paulo,south,humid subtropical,comparison,2021,6,Jun,-1.2374566177144593,0.233296986518636,16.671333333333333,26.026666666666664,-0.3113333333333337,-1.226666666666663
2021-07-01,sao_paulo,14.69032258064516,10.025806451612905,20.574193548387097,31,26.35483870967742,0.0,week,São Paulo · Brazil,BR,BRA,region,BR-SP,open_meteo,-23.5505,-46.6333,America/Sao_Paulo,south,humid subtropical,comparison,2021,7,Jul,-1.0726776553845838,0.26913164155432195,16.14516129032258,29.16774193548387,-1.4548387096774196,-2.8129032258064512
2021-08-01,sao_paulo,17.780645161290323,13.516129032258064,23.29032258064516,31,35.58064516129032,0.0,week,São Paulo · Brazil,BR,BRA,region,BR-SP,open_meteo,-23.5505,-46.6333,America/Sao_Paulo,south,humid subtropical,comparison,2021,8,Aug,-0.09494356355171227,0.4817605075337033,17.407096774193548,28.50967741935484,0.3735483870967755,7.07096774193548
2021-09-01,sao_paulo,20.05,15.623333333333331,26.126666666666665,30,42.3,0.0,week,São Paulo · Brazil,BR,BRA,region,BR-SP,open_meteo,-23.5505,-46.6333,America/Sao_Paulo,south,humid subtropical,comparison,2021,9,Sep,0.6171613711643268,0.6366227200634416,19.613333333333337,41.3,0.43666666666666387,1.0
2021-10-01,sao_paulo,18.509677419354837,15.54516129032258,22.490322580645163,31,31.838709677419356,0.0,week,São Paulo · Brazil,BR,BRA,region,BR-SP,open_meteo,-23.5505,-46.6333,America/Sao_Paulo,south,humid subtropical,comparison,2021,10,Oct,-0.4915070413580515,0.3955194290245837,19.769032258064517,36.270967741935486,-1.2593548387096796,-4.43225806451613
2021-11-01,sao_paulo,19.62,15.85,24.403333333333332,30,33.93333333333333,0.0,week,São Paulo · Brazil,BR,BRA,region,BR-SP,open_meteo,-23.5505,-46.6333,America/Sao_Paulo,south,humid subtropical,comparison,2021,11,Nov,-0.26952265780438833,0.44379460745440114,20.239333333333335,39.906666666666666,-0.6193333333333335,-5.973333333333336
2021-12-01,sao_paulo,20.67096774193548,17.33225806451613,24.896774193548385,31,50.935483870967744,0.0,week,São Paulo · Brazil,BR,BRA,region,BR-SP,open_meteo,-23.5505,-46.6333,America/Sao_Paulo,south,humid subtropical,comparison,2021,12,Dec,1.5323341557225783,0.8356463124504361,21.854193548387094,52.225806451612904,-1.1832258064516132,-1.2903225806451601
2022-01-01,sao_paulo,22.241935483870968,19.42258064516129,25.89032258064516,31,44.41935483870968,0.0,week,São Paulo · Brazil,BR,BRA,region,BR-SP,open_meteo,-23.5505,-46.6333,America/Sao_Paulo,south,humid subtropical,comparison,2022,1,Jan,0.8417667202322283,0.6854678826328311,22.38774193548387,43.9741935483871,-0.14580645161290207,0.4451612903225808
2022-02-01,sao_paulo,21.896428571428572,18.65,26.075,28,44.07142857142857,0.0,week,São Paulo · Brazil,BR,BRA,region,BR-SP,open_meteo,-23.5505,-46.6333,America/Sao_Paulo,south,humid subtropical,comparison,2022,2,Feb,0.8048941308549142,0.6774491616630791,22.59256157635468,41.830541871921184,-0.6961330049261072,2.240886699507385
2022-03-01,sao_paulo,22.700000000000003,19.67096774193548,26.851612903225806,31,44.87096774193548,0.0,week,São Paulo · Brazil,BR,BRA,region,BR-SP,open_meteo,-23.5505,-46.6333,America/Sao_Paulo,south,humid subtropical,comparison,2022,3,Mar,0.889627829622648,0.6958762886597937,22.436129032258066,40.167741935483875,0.2638709677419371,4.703225806451606
2022-04-01,sao_paulo,19.93,16.706666666666667,24.233333333333334,30,33.93333333333333,0.0,week,São Paulo · Brazil,BR,BRA,region,BR-SP,open_meteo,-23.5505,-46.6333,America/Sao_Paulo,south,humid subtropical,comparison,2022,4,Apr,-0.26952265780438833,0.44379460745440114,19.874000000000002,30.28666666666667,0.055999999999997385,3.646666666666661
2022-05-01,sao_paulo,16.812903225806455,13.029032258064516,21.503225806451617,31,27.677419354838708,0.0,week,São Paulo · Brazil,BR,BRA,region,BR-SP,open_meteo,-23.5505,-46.6333,America/Sao_Paulo,south,humid subtropical,comparison,2022,5,May,-0.9325129778840674,0.2996134020618556,18.23225806451613,28.051612903225806,-1.4193548387096762,-0.3741935483870975
2022-06-01,sao_paulo,15.986666666666668,12.51,20.75,30,27.333333333333332,0.0,week,São Paulo · Brazil,BR,BRA,region,BR-SP,open_meteo,-23.5505,-46.6333,America/Sao_Paulo,south,humid subtropical,comparison,2022,6,Jun,-0.9689785850386733,0.2916831879460745,16.671333333333333,26.026666666666664,-0.684666666666665,1.3066666666666684
2022-07-01,sao_paulo,17.983870967741936,13.419354838709678,23.925806451612903,31,39.354838709677416,0.0,week,São Paulo · Brazil,BR,BRA,region,BR-SP,open_meteo,-23.5505,-46.6333,America/Sao_Paulo,south,humid subtropical,comparison,2022,7,Jul,0.30503856492537157,0.5687450436161775,16.14516129032258,29.16774193548387,1.8387096774193559,10.187096774193545
2022-08-01,sao_paulo,16.425806451612903,12.496774193548388,21.967741935483872,31,14.67741935483871,0.0,week,São Paulo · Brazil,BR,BRA,region,BR-SP,open_meteo,-23.5505,-46.6333,America/Sao_Paulo,south,humid subtropical,comparison,2022,8,Aug,-2.3102291981940226,0.0,17.407096774193548,28.50967741935484,-0.9812903225806444,-13.83225806451613
2022-09-01,sao_paulo,16.303333333333335,12.456666666666669,21.28666666666667,30,33.4,0.0,week,São Paulo · Brazil,BR,BRA,region,BR-SP,open_meteo,-23.5505,-46.6333,America/Sao_Paulo,south,humid subtropical,comparison,2022,9,Sep,-0.32604434889402734,0.43150277557494043,19.613333333333337,41.3,-3.3100000000000023,-7.899999999999999
2022-10-01,sao_paulo,20.174193548387095,16.39032258064516,25.106451612903225,31,42.70967741935484,0.0,week,São Paulo · Brazil,BR,BRA,region,BR-SP,open_meteo,-23.5505,-46.6333,America/Sao_Paulo,south,humid subtropical,comparison,2022,10,Oct,0.66057823468278,0.6460646312450435,19.769032258064517,36.270967741935486,0.4051612903225781,6.438709677419354
2022-11-01,sao_paulo,18.436666666666667,14.923333333333334,22.86,30,42.233333333333334,0.0,week,São Paulo · Brazil,BR,BRA,region,BR-SP,open_meteo,-23.5505,-46.6333,America/Sao_Paulo,south,humid subtropical,comparison,2022,11,Nov,0.6100961597781223,0.6350862410785091,20.239333333333335,39.906666666666666,-1.802666666666667,2.326666666666668
2022-12-01,sao_paulo,20.780645161290323,17.70967741935484,24.654838709677417,31,56.38709677419355,0.0,week,São Paulo · Brazil,BR,BRA,region,BR-SP,open_meteo,-23.5505,-46.6333,America/Sao_Paulo,south,humid subtropical,comparison,2022,12,Dec,2.110086119078366,0.9612906423473434,21.854193548387094,52.225806451612904,-1.0735483870967713,4.161290322580648
2023-01-01,sao_paulo,21.548387096774192,18.625806451612902,25.467741935483872,31,46.54838709677419,0.0,week,São Paulo · Brazil,BR,BRA,region,BR-SP,open_meteo,-23.5505,-46.6333,America/Sao_Paulo,south,humid subtropical,comparison,2023,1,Jan,1.067397664501352,0.7345360824742267,22.38774193548387,43.9741935483871,-0.8393548387096779,2.5741935483870932
2023-02-01,sao_paulo,22.385714285714283,19.6,26.282142857142855,28,45.892857142857146,0.0,week,São Paulo · Brazil,BR,BRA,region,BR-SP,open_meteo,-23.5505,-46.6333,America/Sao_Paulo,south,humid subtropical,comparison,2023,2,Feb,0.9979257990851559,0.7194279625014162,22.59256157635468,41.830541871921184,-0.20684729064039686,4.062315270935962
2023-03-01,sao_paulo,22.20967741935484,18.851612903225806,26.706451612903223,31,42.70967741935484,0.0,week,São Paulo · Brazil,BR,BRA,region,BR-SP,open_meteo,-23.5505,-46.6333,America/Sao_Paulo,south,humid subtropical,comparison,2023,3,Mar,0.66057823468278,0.6460646312450435,22.436129032258066,40.167741935483875,-0.2264516129032259,2.541935483870965
2023-04-01,sao_paulo,19.233333333333334,16.163333333333334,23.413333333333338,30,30.8,0.0,week,São Paulo · Brazil,BR,BRA,region,BR-SP,open_meteo,-23.5505,-46.6333,America/Sao_Paulo,south,humid subtropical,comparison,2023,4,Apr,-0.6015875929560183,0.37158009516256946,19.874000000000002,30.28666666666667,-0.640666666666668,0.5133333333333319
2023-05-01,sao_paulo,17.89032258064516,14.309677419354838,22.51290322580645,31,30.870967741935484,0.0,week,São Paulo · Brazil,BR,BRA,region,BR-SP,open_meteo,-23.5505,-46.6333,America/Sao_Paulo,south,humid subtropical,comparison,2023,5,May,-0.5940665614803808,0.37321570182394925,18.23225806451613,28.051612903225806,-0.3419354838709694,2.8193548387096783
2023-06-01,sao_paulo,16.293333333333333,12.263333333333332,21.363333333333333,30,27.466666666666665,0.0,week,São Paulo · Brazil,BR,BRA,region,BR-SP,open_meteo,-23.5505,-46.6333,America/Sao_Paulo,south,humid subtropical,comparison,2023,6,Jun,-0.9548481622662636,0.2947561459159397,16.671333333333333,26.026666666666664,-0.3780000000000001,1.4400000000000013
2023-07-01,sao_paulo,16.703225806451613,12.577419354838709,21.958064516129035,31,28.129032258064516,0.0,week,São Paulo · Brazil,BR,BRA,region,BR-SP,open_meteo,-23.5505,-46.6333,America/Sao_Paulo,south,humid subtropical,comparison,2023,7,Jul,-0.884651868493647,0.3100218080888184,16.14516129032258,29.16774193548387,0.5580645161290327,-1.0387096774193552
2023-08-01,sao_paulo,18.51935483870968,14.33548387096774,24.287096774193547,31,35.064516129032256,0.0,week,São Paulo · Brazil,BR,BRA,region,BR-SP,open_meteo,-23.5505,-46.6333,America/Sao_Paulo,south,humid subtropical,comparison,2023,8,Aug,-0.14964197428362114,0.4698651863600316,17.407096774193548,28.50967741935484,1.1122580645161335,6.554838709677416
2023-09-01,sao_paulo,21.446666666666665,16.296666666666667,27.60666666666667,30,58.06666666666667,0.0,week,São Paulo · Brazil,BR,BRA,region,BR-SP,open_meteo,-23.5505,-46.6333,America/Sao_Paulo,south,humid subtropical,comparison,2023,9,Sep,2.2880838640017864,1.0,19.613333333333337,41.3,1.8333333333333286,16.766666666666673
2023-10-01,sao_paulo,20.883870967741935,17.648387096774194,25.35483870967742,31,40.935483870967744,0.0,week,São Paulo · Brazil,BR,BRA,region,BR-SP,open_meteo,-23.5505,-46.6333,America/Sao_Paulo,south,humid subtropical,comparison,2023,10,Oct,0.47255244779184313,0.6051744647105471,19.769032258064517,36.270967741935486,1.114838709677418,4.664516129032258
2023-11-01,sao_paulo,22.733333333333334,18.473333333333336,27.676666666666662,30,56.833333333333336,0.0,week,São Paulo · Brazil,BR,BRA,region,BR-SP,open_meteo,-23.5505,-46.6333,America/Sao_Paulo,south,humid subtropical,comparison,2023,11,Nov,2.157377453356996,0.971575138778747,20.239333333333335,39.906666666666666,2.4939999999999998,16.92666666666667
2023-12-01,sao_paulo,23.048387096774192,19.061290322580643,27.81935483870968,31,57.096774193548384,0.0,week,São Paulo · Brazil,BR,BRA,region,BR-SP,open_meteo,-23.5505,-46.6333,America/Sao_Paulo,south,humid subtropical,comparison,2023,12,Dec,2.1852964338347403,0.9776467089611418,21.854193548387094,52.225806451612904,1.1941935483870978,4.87096774193548
2024-01-01,sao_paulo,22.54516129032258,19.280645161290323,26.467741935483872,31,42.32258064516129,0.0,week,São Paulo · Brazil,BR,BRA,region,BR-SP,open_meteo,-23.5505,-46.6333,America/Sao_Paulo,south,humid subtropical,comparison,2024,1,Jan,0.6195544266338479,0.6371431403647897,22.38774193548387,43.9741935483871,0.15741935483870861,-1.6516129032258107
2024-02-01,sao_paulo,22.941379310344825,19.772413793103446,26.95862068965517,29,34.724137931034484,0.0,week,São Paulo · Brazil,BR,BRA,region,BR-SP,open_meteo,-23.5505,-46.6333,America/Sao_Paulo,south,humid subtropical,comparison,2024,2,Feb,-0.18571463308526762,0.4620204271377396,22.59256157635468,41.830541871921184,0.3488177339901455,-7.1064039408867
2024-03-01,sao_paulo,22.529032258064515,19.61935483870968,26.648387096774194,31,35.45161290322581,0.0,week,São Paulo · Brazil,BR,BRA,region,BR-SP,open_meteo,-23.5505,-46.6333,America/Sao_Paulo,south,humid subtropical,comparison,2024,3,Mar,-0.1086181662346891,0.47878667724028545,22.436129032258066,40.167741935483875,0.09290322580644883,-4.716129032258067
2024-04-01,sao_paulo,21.706666666666667,18.1,26.36,30,28.233333333333334,0.0,week,São Paulo · Brazil,BR,BRA,region,BR-SP,open_meteo,-23.5505,-46.6333,America/Sao_Paulo,south,humid subtropical,comparison,2024,4,Apr,-0.8735982313249069,0.31242565424266455,19.874000000000002,30.28666666666667,1.8326666666666647,-2.0533333333333346
2024-05-01,sao_paulo,20.46451612903226,16.40967741935484,25.541935483870965,31,28.580645161290324,0.0,week,São Paulo · Brazil,BR,BRA,region,BR-SP,open_meteo,-23.5505,-46.6333,America/Sao_Paulo,south,humid subtropical,comparison,2024,5,May,-0.8367907591032265,0.32043021411578115,18.23225806451613,28.051612903225806,2.2322580645161274,0.5290322580645181
2024-06-01,sao_paulo,18.363333333333333,13.666666666666666,24.25,30,26.3,0.0,week,São Paulo · Brazil,BR,BRA,region,BR-SP,open_meteo,-23.5505,-46.6333,America/Sao_Paulo,south,humid subtropical,comparison,2024,6,Jun,-1.078489361524849,0.26786776367961934,16.671333333333333,26.026666666666664,1.6920000000000002,0.273333333333337
2024-07-01,sao_paulo,16.677419354838708,12.74516129032258,21.993548387096773,31,24.612903225806452,0.0,week,São Paulo · Brazil,BR,BRA,region,BR-SP,open_meteo,-23.5505,-46.6333,America/Sao_Paulo,south,humid subtropical,comparison,2024,7,Jul,-1.2572847916047762,0.22898493259318,16.14516129032258,29.16774193548387,0.5322580645161281,-4.554838709677419
2024-08-01,sao_paulo,17.66774193548387,12.206451612903225,24.038709677419355,31,27.70967741935484,0.0,week,São Paulo · Brazil,BR,BRA,region,BR-SP,open_meteo,-23.5505,-46.6333,America/Sao_Paulo,south,humid subtropical,comparison,2024,8,Aug,-0.9290943272133227,0.30035685963521014,17.407096774193548,28.50967741935484,0.26064516129032356,-0.8000000000000007
2024-09-01,sao_paulo,21.603333333333335,16.46,27.816666666666663,30,39.0,0.0,week,São Paulo · Brazil,BR,BRA,region,BR-SP,open_meteo,-23.5505,-46.6333,America/Sao_Paulo,south,humid subtropical,comparison,2024,9,Sep,0.26743340754718453,0.5605670103092782,19.613333333333337,41.3,1.9899999999999984,-2.299999999999997
2024-10-01,sao_paulo,20.177419354838708,16.61935483870968,25.074193548387097,31,32.12903225806452,0.0,week,São Paulo · Brazil,BR,BRA,region,BR-SP,open_meteo,-23.5505,-46.6333,America/Sao_Paulo,south,humid subtropical,comparison,2024,10,Oct,-0.4607391853213525,0.402210547184774,19.769032258064517,36.270967741935486,0.4083870967741916,-4.1419354838709666
2024-11-01,sao_paulo,20.823333333333338,17.346666666666668,25.163333333333338,30,32.333333333333336,0.0,week,São Paulo · Brazil,BR,BRA,region,BR-SP,open_meteo,-23.5505,-46.6333,America/Sao_Paulo,south,humid subtropical,comparison,2024,11,Nov,-0.43908773107330534,0.40691911181601903,20.239333333333335,39.906666666666666,0.5840000000000032,-7.573333333333331
2024-12-01,sao_paulo,21.770967741935483,18.822580645161292,25.593548387096774,31,40.03225806451613,0.0,week,São Paulo · Brazil,BR,BRA,region,BR-SP,open_meteo,-23.5505,-46.6333,America/Sao_Paulo,south,humid subtropical,comparison,2024,12,Dec,0.3768302290110022,0.5843576526566217,21.854193548387094,52.225806451612904,-0.08322580645161182,-12.193548387096776
2025-01-01,sao_paulo,22.370967741935484,19.438709677419357,26.26129032258065,31,40.96774193548387,0.0,week,São Paulo · Brazil,BR,BRA,region,BR-SP,open_meteo,-23.5505,-46.6333,America/Sao_Paulo,south,humid subtropical,comparison,2025,1,Jan,0.47597109846258734,0.6059179222839016,22.38774193548387,43.9741935483871,-0.01677419354838605,-3.006451612903227
2025-02-01,sao_paulo,23.917857142857144,20.446428571428573,28.24642857142857,28,42.32142857142857,0.0,week,São Paulo · Brazil,BR,BRA,region,BR-SP,open_meteo,-23.5505,-46.6333,America/Sao_Paulo,south,humid subtropical,comparison,2025,2,Feb,0.6194323319670356,0.6371165883085985,22.59256157635468,41.830541871921184,1.325295566502465,0.49088669950738506
2025-03-01,sao_paulo,22.19677419354839,18.961290322580645,26.64516129032258,31,38.064516129032256,0.0,week,São Paulo · Brazil,BR,BRA,region,BR-SP,open_meteo,-23.5505,-46.6333,America/Sao_Paulo,south,humid subtropical,comparison,2025,3,Mar,0.1682925380955994,0.5390067406819983,22.436129032258066,40.167741935483875,-0.23935483870967644,-2.1032258064516185
2025-04-01,sao_paulo,19.743333333333332,17.08,23.543333333333333,30,28.266666666666666,0.0,week,São Paulo · Brazil,BR,BRA,region,BR-SP,open_meteo,-23.5505,-46.6333,America/Sao_Paulo,south,humid subtropical,comparison,2025,4,Apr,-0.8700656256318047,0.3131938937351308,19.874000000000002,30.28666666666667,-0.13066666666667004,-2.020000000000003
2025-05-01,sao_paulo,18.229032258064517,14.470967741935484,22.825806451612905,31,26.483870967741936,0.0,week,São Paulo · Brazil,BR,BRA,region,BR-SP,open_meteo,-23.5505,-46.6333,America/Sao_Paulo,south,humid subtropical,comparison,2025,5,May,-1.0590030527016066,0.27210547184773987,18.23225806451613,28.051612903225806,-0.003225806451613522,-1.5677419354838698
2025-06-01,sao_paulo,16.353333333333335,12.526666666666667,21.376666666666665,30,24.233333333333334,0.0,week,São Paulo · Brazil,BR,BRA,region,BR-SP,open_meteo,-23.5505,-46.6333,America/Sao_Paulo,south,humid subtropical,comparison,2025,6,Jun,-1.297510914497201,0.22023691514670898,16.671333333333333,26.026666666666664,-0.31799999999999784,-1.7933333333333294
2025-07-01,sao_paulo,14.670967741935485,10.880645161290325,19.506451612903227,31,27.387096774193548,0.0,week,São Paulo · Brazil,BR,BRA,region,BR-SP,open_meteo,-23.5505,-46.6333,America/Sao_Paulo,south,humid subtropical,comparison,2025,7,Jul,-0.963280833920766,0.2929222839016653,16.14516129032258,29.16774193548387,-1.4741935483870954,-1.7806451612903231
2025-08-01,sao_paulo,16.641935483870967,12.538709677419355,22.30967741935484,31,29.516129032258064,0.0,week,São Paulo · Brazil,BR,BRA,region,BR-SP,open_meteo,-23.5505,-46.6333,America/Sao_Paulo,south,humid subtropical,comparison,2025,8,Aug,-0.7376498896516418,0.341990483743061,17.407096774193548,28.50967741935484,-0.7651612903225811,1.0064516129032235
2025-09-01,sao_paulo,18.663333333333338,14.343333333333334,24.4,30,33.733333333333334,0.0,week,São Paulo · Brazil,BR,BRA,region,BR-SP,open_meteo,-23.5505,-46.6333,America/Sao_Paulo,south,humid subtropical,comparison,2025,9,Sep,-0.2907182919630026,0.43918517049960343,19.613333333333337,41.3,-0.9499999999999993,-7.566666666666663
2025-10-01,sao_paulo,19.1,15.087096774193547,24.14516129032258,31,33.74193548387097,0.0,week,São Paulo · Brazil,BR,BRA,region,BR-SP,open_meteo,-23.5505,-46.6333,America/Sao_Paulo,south,humid subtropical,comparison,2025,10,Oct,-0.2898066517841375,0.43938342585249796,19.769032258064517,36.270967741935486,-0.6690322580645152,-2.529032258064518
2025-11-01,sao_paulo,19.583333333333332,15.583333333333334,24.533333333333335,30,34.2,0.0,week,São Paulo · Brazil,BR,BRA,region,BR-SP,open_meteo,-23.5505,-46.6333,America/Sao_Paulo,south,humid subtropical,comparison,2025,11,Nov,-0.24126181225956805,0.44994052339413165,20.239333333333335,39.906666666666666,-0.6560000000000024,-5.7066666666666634
2025-12-01,sao_paulo,23.0,19.364516129032257,27.55806451612903,31,56.67741935483871,0.0,week,São Paulo · Brazil,BR,BRA,region,BR-SP,open_meteo,-23.5505,-46.6333,America/Sao_Paulo,south,humid subtropical,comparison,2025,12,Dec,2.140853975115065,0.9679817605075337,21.854193548387094,52.225806451612904,1.1458064516129056,4.451612903225808
2021-01-01,singapore,25.23225806451613,23.94193548387097,27.39032258064516,31,59.70967741935484,0.0,week,Singapore,SG,SGP,city_state,SG,open_meteo,1.3521,103.8198,Asia/Singapore,north,equatorial,comparison,2021,1,Jan,-1.5392664582604858,0.174187725631769,25.639999999999997,60.63870967741936,-0.40774193548386606,-0.9290322580645167
2021-02-01,singapore,26.264285714285712,24.178571428571427,29.42142857142857,28,57.107142857142854,0.0,week,Singapore,SG,SGP,city_state,SG,open_meteo,1.3521,103.8198,Asia/Singapore,north,equatorial,comparison,2021,2,Feb,-1.907426636094709,0.10137313047962859,26.215837438423648,61.87857142857142,0.04844827586206435,-4.771428571428565
2021-03-01,singapore,26.429032258064513,24.57741935483871,29.25483870967742,31,69.06451612903226,0.0,week,Singapore,SG,SGP,city_state,SG,open_meteo,1.3521,103.8198,Asia/Singapore,north,equatorial,comparison,2021,3,Mar,-0.21591070615163874,0.43592057761732855,26.590322580645157,69.83870967741936,-0.16129032258064413,-0.7741935483871032
2021-04-01,singapore,26.663333333333338,24.946666666666665,29.066666666666663,30,71.0,0.0,week,Singapore,SG,SGP,city_state,SG,open_meteo,1.3521,103.8198,Asia/Singapore,north,equatorial,comparison,2021,4,Apr,0.057887035663985155,0.49007220216606506,26.956,71.87333333333333,-0.29266666666666197,-0.8733333333333348
2021-05-01,singapore,26.906451612903226,25.43548387096774,28.793548387096777,31,70.25806451612904,0.0,week,Singapore,SG,SGP,city_state,SG,open_meteo,1.3521,103.8198,Asia/Singapore,north,equatorial,comparison,2021,5,May,-0.04706876536533627,0.46931407942238296,27.496774193548383,75.10967741935484,-0.5903225806451573,-4.851612903225799
2021-06-01,singapore,26.9,25.376666666666665,28.78666666666667,30,73.36666666666666,0.0,week,Singapore,SG,SGP,city_state,SG,open_meteo,1.3521,103.8198,Asia/Singapore,north,equatorial,comparison,2021,6,Jun,0.3926808299618662,0.5562876052948255,27.163999999999998,76.85333333333332,-0.26399999999999935,-3.4866666666666646
2021-07-01,singapore,27.05483870967742,25.661290322580644,28.741935483870968,31,72.41935483870968,0.0,week,Singapore,SG,SGP,city_state,SG,open_meteo,1.3521,103.8198,Asia/Singapore,north,equatorial,comparison,2021,7,Jul,0.25867204632877616,0.5297833935018053,27.355483870967742,76.78064516129032,-0.3006451612903227,-4.361290322580643
2021-08-01,singapore,26.416129032258063,25.04516129032258,28.148387096774194,31,74.19354838709677,0.0,week,Singapore,SG,SGP,city_state,SG,open_meteo,1.3521,103.8198,Asia/Singapore,north,equatorial,comparison,2021,8,Aug,0.5096533096597634,0.57942238267148,26.82967741935484,76.39354838709677,-0.4135483870967782,-2.200000000000003
2021-09-01,singapore,26.653333333333332,25.12,28.43,30,73.1,0.0,week,Singapore,SG,SGP,city_state,SG,open_meteo,1.3521,103.8198,Asia/Singapore,north,equatorial,comparison,2021,9,Sep,0.35495758553393597,0.548826714801444,26.937333333333335,71.16666666666667,-0.2840000000000025,1.933333333333323
2021-10-01,singapore,26.990322580645163,25.4741935483871,28.97741935483871,31,73.70967741935483,0.0,week,Singapore,SG,SGP,city_state,SG,open_meteo,1.3521,103.8198,Asia/Singapore,north,equatorial,comparison,2021,10,Oct,0.4412038742058574,0.565884476534296,26.99548387096774,70.60645161290321,-0.005161290322575951,3.1032258064516185
2021-11-01,singapore,26.476666666666667,24.90666666666667,28.75,30,68.8,0.0,week,Singapore,SG,SGP,city_state,SG,open_meteo,1.3521,103.8198,Asia/Singapore,north,equatorial,comparison,2021,11,Nov,-0.2533297308664408,0.42851985559566785,26.497333333333337,66.24666666666667,-0.020666666666670608,2.5533333333333275
2021-12-01,singapore,26.15806451612903,24.76129032258065,28.37741935483871,31,74.35483870967742,0.0,week,Singapore,SG,SGP,city_state,SG,open_meteo,1.3521,103.8198,Asia/Singapore,north,equatorial,comparison,2021,12,Dec,0.5324697881444,0.5839350180505417,26.08774193548387,69.70322580645161,0.07032258064516128,4.651612903225811
2022-01-01,singapore,26.138709677419353,24.296774193548387,28.896774193548385,31,60.61290322580645,0.0,week,Singapore,SG,SGP,city_state,SG,open_meteo,1.3521,103.8198,Asia/Singapore,north,equatorial,comparison,2022,1,Jan,-1.4114941787465287,0.19945848375451258,25.639999999999997,60.63870967741936,0.498709677419356,-0.025806451612908177
2022-02-01,singapore,26.160714285714285,24.49285714285714,28.74285714285714,28,67.82142857142857,0.0,week,Singapore,SG,SGP,city_state,SG,open_meteo,1.3521,103.8198,Asia/Singapore,north,equatorial,comparison,2022,2,Feb,-0.3917605653296494,0.40114105208870554,26.215837438423648,61.87857142857142,-0.05512315270936341,5.94285714285715
2022-03-01,singapore,26.845161290322583,25.09032258064516,29.648387096774194,31,73.83870967741936,0.0,week,Singapore,SG,SGP,city_state,SG,open_meteo,1.3521,103.8198,Asia/Singapore,north,equatorial,comparison,2022,3,Mar,0.45945705699356715,0.5694945848375453,26.590322580645157,69.83870967741936,0.2548387096774256,4.0
2022-04-01,singapore,26.9,25.08,29.303333333333335,30,71.13333333333334,0.0,week,Singapore,SG,SGP,city_state,SG,open_meteo,1.3521,103.8198,Asia/Singapore,north,equatorial,comparison,2022,4,Apr,0.07674865787795128,0.493802647412756,26.956,71.87333333333333,-0.05600000000000094,-0.7399999999999949
2022-05-01,singapore,27.62258064516129,25.80322580645161,29.73548387096774,31,78.03225806451613,0.0,week,Singapore,SG,SGP,city_state,SG,open_meteo,1.3521,103.8198,Asia/Singapore,north,equatorial,comparison,2022,5,May,1.0526854975940843,0.6868231046931409,27.496774193548383,75.10967741935484,0.12580645161290605,2.9225806451612897
2022-06-01,singapore,26.573333333333338,24.993333333333332,28.34,30,76.26666666666667,0.0,week,Singapore,SG,SGP,city_state,SG,open_meteo,1.3521,103.8198,Asia/Singapore,north,equatorial,comparison,2022,6,Jun,0.8029211131156098,0.6374247894103491,27.163999999999998,76.85333333333332,-0.5906666666666602,-0.5866666666666589
2022-07-01,singapore,27.293548387096777,25.806451612903224,29.016129032258064,31,78.90322580645162,0.0,week,Singapore,SG,SGP,city_state,SG,open_meteo,1.3521,103.8198,Asia/Singapore,north,equatorial,comparison,2022,7,Jul,1.1758944814111154,0.7111913357400724,27.355483870967742,76.78064516129032,-0.0619354838709647,2.1225806451612925
2022-08-01,singapore,26.654838709677417,25.212903225806453,28.416129032258063,31,76.6774193548387,0.0,week,Singapore,SG,SGP,city_state,SG,open_meteo,1.3521,103.8198,Asia/Singapore,north,equatorial,comparison,2022,8,Aug,0.8610270783231471,0.6489169675090253,26.82967741935484,76.39354838709677,-0.17483870967742376,0.2838709677419331
2022-09-01,singapore,26.64333333333333,25.03666666666667,28.503333333333337,30,73.43333333333334,0.0,week,Singapore,SG,SGP,city_state,SG,open_meteo,1.3521,103.8198,Asia/Singapore,north,equatorial,comparison,2022,9,Sep,0.4021116410688503,0.5581528279181711,26.937333333333335,71.16666666666667,-0.29400000000000404,2.2666666666666657
2022-10-01,singapore,26.32903225806452,24.719354838709677,28.529032258064515,31,76.19354838709677,0.0,week,Singapore,SG,SGP,city_state,SG,open_meteo,1.3521,103.8198,Asia/Singapore,north,equatorial,comparison,2022,10,Oct,0.7925776428692412,0.6353790613718411,26.99548387096774,70.60645161290321,-0.6664516129032201,5.587096774193554
2022-11-01,singapore,26.27333333333333,24.673333333333336,28.5,30,66.33333333333333,0.0,week,Singapore,SG,SGP,city_state,SG,open_meteo,1.3521,103.8198,Asia/Singapore,north,equatorial,comparison,2022,11,Nov,-0.602269741824797,0.3595066185318892,26.497333333333337,66.24666666666667,-0.2240000000000073,0.0866666666666589
2022-12-01,singapore,25.73870967741935,24.325806451612905,28.029032258064515,31,66.87096774193549,0.0,week,Singapore,SG,SGP,city_state,SG,open_meteo,1.3521,103.8198,Asia/Singapore,north,equatorial,comparison,2022,12,Dec,-0.5262148135426781,0.374548736462094,26.08774193548387,69.70322580645161,-0.34903225806451843,-2.8322580645161253
2023-01-01,singapore,25.403225806451612,24.0,27.651612903225807,31,64.29032258064517,0.0,week,Singapore,SG,SGP,city_state,SG,open_meteo,1.3521,103.8198,Asia/Singapore,north,equatorial,comparison,2023,1,Jan,-0.8912784692968426,0.3023465703971121,25.639999999999997,60.63870967741936,-0.23677419354838491,3.6516129032258107
2023-02-01,singapore,25.785714285714285,24.267857142857142,28.464285714285715,28,61.964285714285715,0.0,week,Singapore,SG,SGP,city_state,SG,open_meteo,1.3521,103.8198,Asia/Singapore,north,equatorial,comparison,2023,2,Feb,-1.220324684014548,0.2372679216090769,26.215837438423648,61.87857142857142,-0.4301231527093634,0.08571428571429607
2023-03-01,singapore,25.84193548387097,24.306451612903224,28.335483870967742,31,72.93548387096774,0.0,week,Singapore,SG,SGP,city_state,SG,open_meteo,1.3521,103.8198,Asia/Singapore,north,equatorial,comparison,2023,3,Mar,0.33168477747960906,0.5442238267148016,26.590322580645157,69.83870967741936,-0.7483870967741879,3.0967741935483843
2023-04-01,singapore,26.96333333333333,25.226666666666667,29.383333333333333,30,79.86666666666666,0.0,week,Singapore,SG,SGP,city_state,SG,open_meteo,1.3521,103.8198,Asia/Singapore,north,equatorial,comparison,2023,4,Apr,1.312184912892669,0.7381468110709988,26.956,71.87333333333333,0.0073333333333316375,7.993333333333325
2023-05-01,singapore,27.780645161290323,26.151612903225804,29.799999999999997,31,81.83870967741936,0.0,week,Singapore,SG,SGP,city_state,SG,open_meteo,1.3521,103.8198,Asia/Singapore,north,equatorial,comparison,2023,5,May,1.5911543898314782,0.7933212996389895,27.496774193548383,75.10967741935484,0.2838709677419402,6.729032258064521
2023-06-01,singapore,27.446666666666665,25.983333333333334,29.18,30,86.56666666666666,0.0,week,Singapore,SG,SGP,city_state,SG,open_meteo,1.3521,103.8198,Asia/Singapore,north,equatorial,comparison,2023,6,Jun,2.25998142914442,0.9256016847172083,27.163999999999998,76.85333333333332,0.2826666666666675,9.713333333333338
2023-07-01,singapore,27.070967741935487,25.664516129032258,28.864516129032257,31,89.2258064516129,0.0,week,Singapore,SG,SGP,city_state,SG,open_meteo,1.3521,103.8198,Asia/Singapore,north,equatorial,comparison,2023,7,Jul,2.6361491044277736,1.0,27.355483870967742,76.78064516129032,-0.2845161290322551,12.445161290322574
2023-08-01,singapore,27.06451612903226,25.506451612903227,28.74516129032258,31,86.6774193548387,0.0,week,Singapore,SG,SGP,city_state,SG,open_meteo,1.3521,103.8198,Asia/Singapore,north,equatorial,comparison,2023,8,Aug,2.2756487443705358,0.9287003610108303,26.82967741935484,76.39354838709677,0.23483870967741893,10.283870967741933
2023-09-01,singapore,27.273333333333333,25.823333333333338,29.133333333333333,30,77.16666666666667,0.0,week,Singapore,SG,SGP,city_state,SG,open_meteo,1.3521,103.8198,Asia/Singapore,north,equatorial,comparison,2023,9,Sep,0.9302370630598755,0.6626052948255117,26.937333333333335,71.16666666666667,0.3359999999999985,6.0
2023-10-01,singapore,27.34193548387097,25.306451612903224,29.741935483870968,31,74.61290322580645,0.0,week,Singapore,SG,SGP,city_state,SG,open_meteo,1.3521,103.8198,Asia/Singapore,north,equatorial,comparison,2023,10,Oct,0.5689761537198155,0.5911552346570397,26.99548387096774,70.60645161290321,0.34645161290323045,4.006451612903234
2023-11-01,singapore,26.65666666666667,25.03,29.01,30,69.9,0.0,week,Singapore,SG,SGP,city_state,SG,open_meteo,1.3521,103.8198,Asia/Singapore,north,equatorial,comparison,2023,11,Nov,-0.0977213476012268,0.4592960288808667,26.497333333333337,66.24666666666667,0.15933333333333266,3.653333333333336
2023-12-01,singapore,26.193548387096776,24.838709677419356,28.516129032258064,31,70.64516129032258,0.0,week,Singapore,SG,SGP,city_state,SG,open_meteo,1.3521,103.8198,Asia/Singapore,north,equatorial,comparison,2023,12,Dec,0.007690782997786906,0.4801444043321299,26.08774193548387,69.70322580645161,0.10580645161290647,0.9419354838709637
2024-01-01,singapore,25.893548387096775,24.67096774193548,28.151612903225807,31,65.09677419354838,0.0,week,Singapore,SG,SGP,city_state,SG,open_meteo,1.3521,103.8198,Asia/Singapore,north,equatorial,comparison,2024,1,Jan,-0.7771960768736673,0.3249097472924187,25.639999999999997,60.63870967741936,0.25354838709677807,4.458064516129028
2024-02-01,singapore,26.882758620689657,25.29310344827586,29.382758620689657,29,65.0,0.0,week,Singapore,SG,SGP,city_state,SG,open_meteo,1.3521,103.8198,Asia/Singapore,north,equatorial,comparison,2024,2,Feb,-0.7908859639644481,0.322202166064982,26.215837438423648,61.87857142857142,0.6669211822660088,3.1214285714285808
2024-03-01,singapore,27.42258064516129,25.73548387096774,29.91290322580645,31,72.03225806451613,0.0,week,Singapore,SG,SGP,city_state,SG,open_meteo,1.3521,103.8198,Asia/Singapore,north,equatorial,comparison,2024,3,Mar,0.20391249796565097,0.5189530685920578,26.590322580645157,69.83870967741936,0.8322580645161324,2.1935483870967687
2024-04-01,singapore,27.55666666666667,25.84,29.923333333333336,30,72.03333333333333,0.0,week,Singapore,SG,SGP,city_state,SG,open_meteo,1.3521,103.8198,Asia/Singapore,north,equatorial,comparison,2024,4,Apr,0.20406460782221506,0.5189831528279182,26.956,71.87333333333333,0.6006666666666689,0.1599999999999966
2024-05-01,singapore,27.64516129032258,26.187096774193545,29.41290322580645,31,75.87096774193549,0.0,week,Singapore,SG,SGP,city_state,SG,open_meteo,1.3521,103.8198,Asia/Singapore,north,equatorial,comparison,2024,5,May,0.7469446858999719,0.6263537906137187,27.496774193548383,75.10967741935484,0.14838709677419715,0.7612903225806491
2024-06-01,singapore,27.24,25.65,29.086666666666662,30,74.2,0.0,week,Singapore,SG,SGP,city_state,SG,open_meteo,1.3521,103.8198,Asia/Singapore,north,equatorial,comparison,2024,6,Jun,0.51056596879915,0.5796028880866427,27.163999999999998,76.85333333333332,0.07600000000000051,-2.6533333333333218
2024-07-01,singapore,27.706451612903223,26.37741935483871,29.2,31,71.7741935483871,0.0,week,Singapore,SG,SGP,city_state,SG,open_meteo,1.3521,103.8198,Asia/Singapore,north,equatorial,comparison,2024,7,Jul,0.16740613239023552,0.5117328519855598,27.355483870967742,76.78064516129032,0.35096774193548086,-5.00645161290322
2024-08-01,singapore,26.97741935483871,25.54516129032258,28.69677419354839,31,72.03225806451613,0.0,week,Singapore,SG,SGP,city_state,SG,open_meteo,1.3521,103.8198,Asia/Singapore,north,equatorial,comparison,2024,8,Aug,0.20391249796565097,0.5189530685920578,26.82967741935484,76.39354838709677,0.14774193548386805,-4.361290322580643
2024-09-01,singapore,27.18,25.56,29.09,30,65.7,0.0,week,Singapore,SG,SGP,city_state,SG,open_meteo,1.3521,103.8198,Asia/Singapore,north,equatorial,comparison,2024,9,Sep,-0.6918624473411304,0.34178700361010844,26.937333333333335,71.16666666666667,0.2426666666666648,-5.466666666666669
2024-10-01,singapore,27.174193548387095,25.458064516129035,29.141935483870967,31,64.3225806451613,0.0,week,Singapore,SG,SGP,city_state,SG,open_meteo,1.3521,103.8198,Asia/Singapore,north,equatorial,comparison,2024,10,Oct,-0.8867151735999157,0.3032490974729244,26.99548387096774,70.60645161290321,0.17870967741935573,-6.283870967741919
2024-11-01,singapore,26.283333333333335,24.83,28.38,30,59.86666666666667,0.0,week,Singapore,SG,SGP,city_state,SG,open_meteo,1.3521,103.8198,Asia/Singapore,north,equatorial,comparison,2024,11,Nov,-1.5170584192021077,0.1785800240673887,26.497333333333337,66.24666666666667,-0.2140000000000022,-6.380000000000003
2024-12-01,singapore,26.393548387096775,25.067741935483873,28.693548387096776,31,64.25806451612904,0.0,week,Singapore,SG,SGP,city_state,SG,open_meteo,1.3521,103.8198,Asia/Singapore,north,equatorial,comparison,2024,12,Dec,-0.8958417649937696,0.30144404332129987,26.08774193548387,69.70322580645161,0.30580645161290576,-5.445161290322574
2025-01-01,singapore,25.532258064516128,24.364516129032257,27.403225806451612,31,53.483870967741936,0.0,week,Singapore,SG,SGP,city_state,SG,open_meteo,1.3521,103.8198,Asia/Singapore,north,equatorial,comparison,2025,1,Jan,-2.4199825277674085,0.0,25.639999999999997,60.63870967741936,-0.1077419354838689,-7.154838709677421
2025-02-01,singapore,25.985714285714288,24.353571428571428,28.589285714285715,28,57.5,0.0,week,Singapore,SG,SGP,city_state,SG,open_meteo,1.3521,103.8198,Asia/Singapore,north,equatorial,comparison,2025,2,Feb,-1.8518522134999897,0.11236462093862817,26.215837438423648,61.87857142857142,-0.23012315270936057,-4.378571428571419
2025-03-01,singapore,26.41290322580645,24.938709677419357,28.63225806451613,31,61.32258064516129,0.0,week,Singapore,SG,SGP,city_state,SG,open_meteo,1.3521,103.8198,Asia/Singapore,north,equatorial,comparison,2025,3,Mar,-1.3111016734141334,0.21931407942238265,26.590322580645157,69.83870967741936,-0.1774193548387082,-8.516129032258071
2025-04-01,singapore,26.696666666666665,25.016666666666666,29.153333333333332,30,65.33333333333333,0.0,week,Singapore,SG,SGP,city_state,SG,open_meteo,1.3521,103.8198,Asia/Singapore,north,equatorial,comparison,2025,4,Apr,-0.7437319084295358,0.3315282791817087,26.956,71.87333333333333,-0.2593333333333341,-6.540000000000006
2025-05-01,singapore,27.529032258064515,25.73870967741935,29.70967741935484,31,69.54838709677419,0.0,week,Singapore,SG,SGP,city_state,SG,open_meteo,1.3521,103.8198,Asia/Singapore,north,equatorial,comparison,2025,5,May,-0.14746127069773277,0.4494584837545127,27.496774193548383,75.10967741935484,0.03225806451613167,-5.561290322580646
2025-06-01,singapore,27.66,26.1,29.453333333333333,30,73.86666666666666,0.0,week,Singapore,SG,SGP,city_state,SG,open_meteo,1.3521,103.8198,Asia/Singapore,north,equatorial,comparison,2025,6,Jun,0.46341191326423564,0.5702767749699157,27.163999999999998,76.85333333333332,0.4960000000000022,-2.9866666666666646
2025-07-01,singapore,27.651612903225807,26.25483870967742,29.225806451612904,31,71.58064516129032,0.0,week,Singapore,SG,SGP,city_state,SG,open_meteo,1.3521,103.8198,Asia/Singapore,north,equatorial,comparison,2025,7,Jul,0.14002635820867193,0.5063176895306859,27.355483870967742,76.78064516129032,0.2961290322580652,-5.200000000000003
2025-08-01,singapore,27.03548387096774,25.44516129032258,28.796774193548387,31,72.38709677419355,0.0,week,Singapore,SG,SGP,city_state,SG,open_meteo,1.3521,103.8198,Asia/Singapore,north,equatorial,comparison,2025,8,Aug,0.25410875063184923,0.528880866425993,26.82967741935484,76.39354838709677,0.2058064516129008,-4.00645161290322
2025-09-01,singapore,26.936666666666667,25.44,28.683333333333337,30,66.43333333333334,0.0,week,Singapore,SG,SGP,city_state,SG,open_meteo,1.3521,103.8198,Asia/Singapore,north,equatorial,comparison,2025,9,Sep,-0.5881235251643219,0.3623044524669075,26.937333333333335,71.16666666666667,-0.0006666666666674814,-4.733333333333334
2025-10-01,singapore,27.141935483870967,25.33225806451613,29.29032258064516,31,64.19354838709677,0.0,week,Singapore,SG,SGP,city_state,SG,open_meteo,1.3521,103.8198,Asia/Singapore,north,equatorial,comparison,2025,10,Oct,-0.9049683563876254,0.29963898916967496,26.99548387096774,70.60645161290321,0.1464516129032276,-6.412903225806446
2025-11-01,singapore,26.796666666666667,25.196666666666665,29.133333333333333,30,66.33333333333333,0.0,week,Singapore,SG,SGP,city_state,SG,open_meteo,1.3521,103.8198,Asia/Singapore,north,equatorial,comparison,2025,11,Nov,-0.602269741824797,0.3595066185318892,26.497333333333337,66.24666666666667,0.2993333333333297,0.0866666666666589
2025-12-01,singapore,25.95483870967742,24.483870967741936,28.299999999999997,31,72.38709677419355,0.0,week,Singapore,SG,SGP,city_state,SG,open_meteo,1.3521,103.8198,Asia/Singapore,north,equatorial,comparison,2025,12,Dec,0.25410875063184923,0.528880866425993,26.08774193548387,69.70322580645161,-0.13290322580644798,2.683870967741939
2021-01-01,sydney,21.73870967741935,18.845161290322583,24.55483870967742,31,70.51612903225806,0.0,week,Sydney · Australia,AU,AUS,region,AU-NSW,open_meteo,-33.8688,151.2093,Australia/Sydney,south,humid subtropical,comparison,2021,1,Jan,1.0120564975847977,0.5764964708039231,22.159354838709678,73.01290322580645,-0.42064516129032725,-2.49677419354839
2021-02-01,sydney,21.189285714285713,19.021428571428572,23.57857142857143,28,56.0,0.0,week,Sydney · Australia,AU,AUS,region,AU-NSW,open_meteo,-33.8688,151.2093,Australia/Sydney,south,humid subtropical,comparison,2021,2,Feb,-0.37351475249953175,0.26711889265743866,22.10795566502463,60.25320197044334,-0.9186699507389164,-4.253201970443342
2021-03-01,sydney,20.30322580645161,18.02258064516129,22.758064516129032,31,47.45161290322581,0.0,week,Sydney · Australia,AU,AUS,region,AU-NSW,open_meteo,-33.8688,151.2093,Australia/Sydney,south,humid subtropical,comparison,2021,3,Mar,-1.1894622664380812,0.0849298744156201,21.326451612903224,54.73548387096774,-1.023225806451613,-7.283870967741933
2021-04-01,sydney,17.446666666666665,13.866666666666667,21.02,30,47.93333333333333,0.0,week,Sydney · Australia,AU,AUS,region,AU-NSW,open_meteo,-33.8688,151.2093,Australia/Sydney,south,humid subtropical,comparison,2021,4,Apr,-1.1434818279167647,0.09519662663855517,18.326,53.75333333333333,-0.8793333333333351,-5.82
2021-05-01,sydney,15.303225806451614,12.40967741935484,18.280645161290323,31,45.29032258064516,0.0,week,Sydney · Australia,AU,AUS,region,AU-NSW,open_meteo,-33.8688,151.2093,Australia/Sydney,south,humid subtropical,comparison,2021,5,May,-1.395758430339526,0.03886699055825457,15.401290322580646,50.36129032258064,-0.09806451612903189,-5.070967741935483
2021-06-01,sydney,12.636666666666668,9.756666666666666,15.836666666666668,30,43.46666666666667,0.0,week,Sydney · Australia,AU,AUS,region,AU-NSW,open_meteo,-33.8688,151.2093,Australia/Sydney,south,humid subtropical,comparison,2021,6,Jun,-1.5698272333130832,0.0,12.468666666666667,50.58,0.16800000000000104,-7.11333333333333
2021-07-01,sydney,12.161290322580646,9.1,15.580645161290322,31,48.806451612903224,0.0,week,Sydney · Australia,AU,AUS,region,AU-NSW,open_meteo,-33.8688,151.2093,Australia/Sydney,south,humid subtropical,comparison,2021,7,Jul,-1.0601422830968774,0.11380511504262525,12.475483870967741,54.9741935483871,-0.31419354838709523,-6.167741935483875
2021-08-01,sydney,13.73225806451613,9.670967741935485,18.10967741935484,31,50.38709677419355,0.0,week,Sydney · Australia,AU,AUS,region,AU-NSW,open_meteo,-33.8688,151.2093,Australia/Sydney,south,humid subtropical,comparison,2021,8,Aug,-0.9092689691988055,0.14749289577413144,13.81032258064516,55.15483870967741,-0.07806451612903054,-4.767741935483862
2021-09-01,sydney,15.356666666666666,11.343333333333334,19.64,30,54.3,0.0,week,Sydney · Australia,AU,AUS,region,AU-NSW,open_meteo,-33.8688,151.2093,Australia/Sydney,south,humid subtropical,comparison,2021,9,Sep,-0.5357805411205191,0.23088734072783923,15.874,60.526666666666664,-0.517333333333335,-6.226666666666667
2021-10-01,sydney,16.96451612903226,13.12258064516129,20.825806451612905,31,49.935483870967744,0.0,week,Sydney · Australia,AU,AUS,region,AU-NSW,open_meteo,-33.8688,151.2093,Australia/Sydney,south,humid subtropical,comparison,2021,10,Oct,-0.9523756303125404,0.13786781556512967,17.803870967741936,64.8258064516129,-0.8393548387096779,-14.890322580645162
2021-11-01,sydney,17.996666666666666,15.596666666666666,20.526666666666664,30,48.2,0.0,week,Sydney · Australia,AU,AUS,region,AU-NSW,open_meteo,-33.8688,151.2093,Australia/Sydney,south,humid subtropical,comparison,2021,11,Nov,-1.118028370878178,0.10088000733339443,19.278,64.39333333333335,-1.2813333333333325,-16.193333333333342
2021-12-01,sydney,20.358064516129033,17.55806451612903,23.129032258064516,31,61.16129032258065,0.0,week,Sydney · Australia,AU,AUS,region,AU-NSW,open_meteo,-33.8688,151.2093,Australia/Sydney,south,humid subtropical,comparison,2021,12,Dec,0.11913280308600785,0.3771198093317443,21.005161290322583,76.38709677419355,-0.6470967741935496,-15.225806451612904
2022-01-01,sydney,22.6,20.42258064516129,24.780645161290323,31,67.45161290322581,0.0,week,Sydney · Australia,AU,AUS,region,AU-NSW,open_meteo,-33.8688,151.2093,Australia/Sydney,south,humid subtropical,comparison,2022,1,Jan,0.7195470114558838,0.5111834265285542,22.159354838709678,73.01290322580645,0.4406451612903233,-5.561290322580646
2022-02-01,sydney,21.77857142857143,19.3,24.36785714285714,28,54.67857142857143,0.0,week,Sydney · Australia,AU,AUS,region,AU-NSW,open_meteo,-33.8688,151.2093,Australia/Sydney,south,humid subtropical,comparison,2022,2,Feb,-0.49964572264609713,0.23895571153569128,22.10795566502463,60.25320197044334,-0.32938423645320114,-5.574630541871912
2022-03-01,sydney,20.46451612903226,18.403225806451612,22.30967741935484,31,45.87096774193548,0.0,week,Sydney · Australia,AU,AUS,region,AU-NSW,open_meteo,-33.8688,151.2093,Australia/Sydney,south,humid subtropical,comparison,2022,3,Mar,-1.3403355803361532,0.05124209368411391,21.326451612903224,54.73548387096774,-0.8619354838709654,-8.86451612903226
2022-04-01,sydney,18.53,15.743333333333334,21.19,30,47.13333333333333,0.0,week,Sydney · Australia,AU,AUS,region,AU-NSW,open_meteo,-33.8688,151.2093,Australia/Sydney,south,humid subtropical,comparison,2022,4,Apr,-1.219842199032523,0.07814648455403787,18.326,53.75333333333333,0.20400000000000063,-6.619999999999997
2022-05-01,sydney,15.796774193548387,13.16451612903226,18.51290322580645,31,43.74193548387097,0.0,week,Sydney · Australia,AU,AUS,region,AU-NSW,open_meteo,-33.8688,151.2093,Australia/Sydney,south,humid subtropical,comparison,2022,5,May,-1.5435526970151878,0.005866715555962929,15.401290322580646,50.36129032258064,0.39548387096774107,-6.6193548387096754
2022-06-01,sydney,12.04,9.173333333333334,15.443333333333332,30,46.333333333333336,0.0,week,Sydney · Australia,AU,AUS,region,AU-NSW,open_meteo,-33.8688,151.2093,Australia/Sydney,south,humid subtropical,comparison,2022,6,Jun,-1.2962025701482813,0.061096342469520566,12.468666666666667,50.58,-0.4286666666666683,-4.246666666666663
2022-07-01,sydney,12.516129032258064,10.274193548387096,14.883870967741936,31,49.67741935483871,0.0,week,Sydney · Australia,AU,AUS,region,AU-NSW,open_meteo,-33.8688,151.2093,Australia/Sydney,south,humid subtropical,comparison,2022,7,Jul,-0.9770080080918173,0.1323677697314144,12.475483870967741,54.9741935483871,0.04064516129032292,-5.296774193548387
2022-08-01,sydney,13.338709677419354,10.3,16.883870967741935,31,49.83870967741935,0.0,week,Sydney · Australia,AU,AUS,region,AU-NSW,open_meteo,-33.8688,151.2093,Australia/Sydney,south,humid subtropical,comparison,2022,8,Aug,-0.9616127719797697,0.13580529837748634,13.81032258064516,55.15483870967741,-0.4716129032258056,-5.316129032258061
2022-09-01,sydney,14.666666666666666,12.043333333333331,17.48,30,52.93333333333333,0.0,week,Sydney · Australia,AU,AUS,region,AU-NSW,open_meteo,-33.8688,151.2093,Australia/Sydney,south,humid subtropical,comparison,2022,9,Sep,-0.6662295084432734,0.20176001466678872,15.874,60.526666666666664,-1.2073333333333345,-7.593333333333334
2022-10-01,sydney,16.893548387096775,14.216129032258063,19.538709677419355,31,58.516129032258064,0.0,week,Sydney · Australia,AU,AUS,region,AU-NSW,open_meteo,-33.8688,151.2093,Australia/Sydney,south,humid subtropical,comparison,2022,10,Oct,-0.13334906915158137,0.32074433953616266,17.803870967741936,64.8258064516129,-0.9103225806451611,-6.309677419354841
2022-11-01,sydney,17.563333333333333,13.983333333333333,20.836666666666662,30,60.2,0.0,week,Sydney · Australia,AU,AUS,region,AU-NSW,open_meteo,-33.8688,151.2093,Australia/Sydney,south,humid subtropical,comparison,2022,11,Nov,0.027377195858201173,0.3566321386011549,19.278,64.39333333333335,-1.7146666666666661,-4.193333333333342
2022-12-01,sydney,19.10967741935484,15.86451612903226,22.12258064516129,31,71.35483870967742,0.0,week,Sydney · Australia,AU,AUS,region,AU-NSW,open_meteo,-33.8688,151.2093,Australia/Sydney,south,humid subtropical,comparison,2022,12,Dec,1.0921117253674484,0.5943716197634978,21.005161290322583,76.38709677419355,-1.8954838709677446,-5.032258064516128
2023-01-01,sydney,21.490322580645163,18.82903225806452,24.193548387096776,31,72.74193548387096,0.0,week,Sydney · Australia,AU,AUS,region,AU-NSW,open_meteo,-33.8688,151.2093,Australia/Sydney,south,humid subtropical,comparison,2023,1,Jan,1.224510755931061,0.6239343661197173,22.159354838709678,73.01290322580645,-0.6690322580645152,-0.2709677419354932
2023-02-01,sydney,22.192857142857143,19.37857142857143,25.1,28,60.82142857142857,0.0,week,Sydney · Australia,AU,AUS,region,AU-NSW,open_meteo,-33.8688,151.2093,Australia/Sydney,south,humid subtropical,comparison,2023,2,Feb,0.08669284127847748,0.36987644539894954,22.10795566502463,60.25320197044334,0.08490147783251345,0.568226600985227
2023-03-01,sydney,21.95483870967742,18.97741935483871,25.183870967741935,31,59.12903225806452,0.0,week,Sydney · Australia,AU,AUS,region,AU-NSW,open_meteo,-33.8688,151.2093,Australia/Sydney,south,humid subtropical,comparison,2023,3,Mar,-0.07484717192579819,0.33380694839123654,21.326451612903224,54.73548387096774,0.6283870967741976,4.393548387096779
2023-04-01,sydney,17.88,15.183333333333334,20.566666666666663,30,56.333333333333336,0.0,week,Sydney · Australia,AU,AUS,region,AU-NSW,open_meteo,-33.8688,151.2093,Australia/Sydney,south,humid subtropical,comparison,2023,4,Apr,-0.3416979312012988,0.27422311852598763,18.326,53.75333333333333,-0.4460000000000015,2.5800000000000054
2023-05-01,sydney,14.029032258064516,10.474193548387095,17.683870967741935,31,53.74193548387097,0.0,week,Sydney · Australia,AU,AUS,region,AU-NSW,open_meteo,-33.8688,151.2093,Australia/Sydney,south,humid subtropical,comparison,2023,5,May,-0.5890480580682053,0.21899349161243,15.401290322580646,50.36129032258064,-1.3722580645161297,3.3806451612903246
2023-06-01,sydney,12.99,9.656666666666666,16.853333333333335,30,54.5,0.0,week,Sydney · Australia,AU,AUS,region,AU-NSW,open_meteo,-33.8688,151.2093,Australia/Sydney,south,humid subtropical,comparison,2023,6,Jun,-0.5166904483415792,0.23514987624896863,12.468666666666667,50.58,0.5213333333333328,3.9200000000000017
2023-07-01,sydney,13.119354838709675,9.36451612903226,17.39032258064516,31,57.903225806451616,0.0,week,Sydney · Australia,AU,AUS,region,AU-NSW,open_meteo,-33.8688,151.2093,Australia/Sydney,south,humid subtropical,comparison,2023,7,Jul,-0.19185096637736387,0.30768173068108895,12.475483870967741,54.9741935483871,0.6438709677419343,2.9290322580645167
2023-08-01,sydney,13.912903225806453,10.129032258064516,17.870967741935484,31,57.45161290322581,0.0,week,Sydney · Australia,AU,AUS,region,AU-NSW,open_meteo,-33.8688,151.2093,Australia/Sydney,south,humid subtropical,comparison,2023,8,Aug,-0.2349576274910987,0.2980566504720872,13.81032258064516,55.15483870967741,0.10258064516129295,2.2967741935483943
2023-09-01,sydney,16.656666666666666,11.603333333333332,21.253333333333337,30,66.46666666666667,0.0,week,Sydney · Australia,AU,AUS,region,AU-NSW,open_meteo,-33.8688,151.2093,Australia/Sydney,south,humid subtropical,comparison,2023,9,Sep,0.6255334362649768,0.49019158492987425,15.874,60.526666666666664,0.7826666666666657,5.940000000000005
2023-10-01,sydney,18.364516129032257,14.074193548387097,22.629032258064516,31,70.0,0.0,week,Sydney · Australia,AU,AUS,region,AU-NSW,open_meteo,-33.8688,151.2093,Australia/Sydney,south,humid subtropical,comparison,2023,10,Oct,0.9627917420262438,0.5654963791364925,17.803870967741936,64.8258064516129,0.5606451612903207,5.174193548387095
2023-11-01,sydney,19.58,17.11,22.336666666666662,30,65.0,0.0,week,Sydney · Australia,AU,AUS,region,AU-NSW,open_meteo,-33.8688,151.2093,Australia/Sydney,south,humid subtropical,comparison,2023,11,Nov,0.4855394225527525,0.458932991108259,19.278,64.39333333333335,0.3019999999999996,0.6066666666666549
2023-12-01,sydney,22.02258064516129,18.961290322580645,25.27741935483871,31,76.87096774193549,0.0,week,Sydney · Australia,AU,AUS,region,AU-NSW,open_meteo,-33.8688,151.2093,Australia/Sydney,south,humid subtropical,comparison,2023,12,Dec,1.6186288003994935,0.711935099459162,21.005161290322583,76.38709677419355,1.017419354838708,0.48387096774193594
2024-01-01,sydney,22.98064516129032,20.406451612903226,25.845161290322583,31,74.25806451612904,0.0,week,Sydney · Australia,AU,AUS,region,AU-NSW,open_meteo,-33.8688,151.2093,Australia/Sydney,south,humid subtropical,comparison,2024,1,Jan,1.3692259753843146,0.6562471353927948,22.159354838709678,73.01290322580645,0.8212903225806407,1.245161290322585
2024-02-01,sydney,22.886206896551727,20.47241379310345,25.779310344827586,29,62.55172413793103,0.0,week,Sydney · Australia,AU,AUS,region,AU-NSW,open_meteo,-33.8688,151.2093,Australia/Sydney,south,humid subtropical,comparison,2024,2,Feb,0.2518503557760773,0.40675367697029635,22.10795566502463,60.25320197044334,0.7782512315270971,2.2985221674876897
2024-03-01,sydney,21.606451612903225,18.76451612903226,24.541935483870965,31,58.87096774193548,0.0,week,Sydney · Australia,AU,AUS,region,AU-NSW,open_meteo,-33.8688,151.2093,Australia/Sydney,south,humid subtropical,comparison,2024,3,Mar,-0.09947954970507582,0.3283069025575211,21.326451612903224,54.73548387096774,0.28000000000000114,4.1354838709677395
2024-04-01,sydney,18.433333333333337,15.826666666666666,21.223333333333336,30,56.333333333333336,0.0,week,Sydney · Australia,AU,AUS,region,AU-NSW,open_meteo,-33.8688,151.2093,Australia/Sydney,south,humid subtropical,comparison,2024,4,Apr,-0.3416979312012988,0.27422311852598763,18.326,53.75333333333333,0.10733333333333661,2.5800000000000054
2024-05-01,sydney,15.422580645161291,12.922580645161291,18.0258064516129,31,54.645161290322584,0.0,week,Sydney · Australia,AU,AUS,region,AU-NSW,open_meteo,-33.8688,151.2093,Australia/Sydney,south,humid subtropical,comparison,2024,5,May,-0.5028347358407356,0.23824365203043354,15.401290322580646,50.36129032258064,0.021290322580645338,4.28387096774194
2024-06-01,sydney,12.563333333333333,9.816666666666666,15.526666666666667,30,51.46666666666667,0.0,week,Sydney · Australia,AU,AUS,region,AU-NSW,open_meteo,-33.8688,151.2093,Australia/Sydney,south,humid subtropical,comparison,2024,6,Jun,-0.806223522155497,0.17050142084517364,12.468666666666667,50.58,0.09466666666666512,0.8866666666666703
2024-07-01,sydney,12.290322580645162,9.696774193548388,15.338709677419354,31,56.41935483870968,0.0,week,Sydney · Australia,AU,AUS,region,AU-NSW,open_meteo,-33.8688,151.2093,Australia/Sydney,south,humid subtropical,comparison,2024,7,Jul,-0.3334871386082065,0.27605646713722604,12.475483870967741,54.9741935483871,-0.18516129032257922,1.4451612903225808
2024-08-01,sydney,14.696774193548388,11.19032258064516,18.374193548387098,31,57.903225806451616,0.0,week,Sydney · Australia,AU,AUS,region,AU-NSW,open_meteo,-33.8688,151.2093,Australia/Sydney,south,humid subtropical,comparison,2024,8,Aug,-0.19185096637736387,0.30768173068108895,13.81032258064516,55.15483870967741,0.8864516129032278,2.748387096774202
2024-09-01,sydney,16.32,12.21,20.676666666666662,30,62.36666666666667,0.0,week,Sydney · Australia,AU,AUS,region,AU-NSW,open_meteo,-33.8688,151.2093,Australia/Sydney,south,humid subtropical,comparison,2024,9,Sep,0.23418653429671385,0.4028096067467227,15.874,60.526666666666664,0.44599999999999973,1.8400000000000034
2024-10-01,sydney,17.35483870967742,13.812903225806451,20.96451612903226,31,67.80645161290323,0.0,week,Sydney · Australia,AU,AUS,region,AU-NSW,open_meteo,-33.8688,151.2093,Australia/Sydney,south,humid subtropical,comparison,2024,10,Oct,0.7534165309023901,0.5187459895499128,17.803870967741936,64.8258064516129,-0.4490322580645163,2.980645161290326
2024-11-01,sydney,20.78,17.873333333333335,23.973333333333336,30,68.23333333333333,0.0,week,Sydney · Australia,AU,AUS,region,AU-NSW,open_meteo,-33.8688,151.2093,Australia/Sydney,south,humid subtropical,comparison,2024,11,Nov,0.7941625891456103,0.5278439820331834,19.278,64.39333333333335,1.5020000000000024,3.839999999999989
2024-12-01,sydney,22.322580645161292,18.96451612903226,25.938709677419357,31,82.16129032258064,0.0,week,Sydney · Australia,AU,AUS,region,AU-NSW,open_meteo,-33.8688,151.2093,Australia/Sydney,south,humid subtropical,comparison,2024,12,Dec,2.1235925448746706,0.824686039050325,21.005161290322583,76.38709677419355,1.3174193548387088,5.774193548387089
2025-01-01,sydney,21.98709677419355,19.5258064516129,24.864516129032257,31,80.09677419354838,0.0,week,Sydney · Australia,AU,AUS,region,AU-NSW,open_meteo,-33.8688,151.2093,Australia/Sydney,south,humid subtropical,comparison,2025,1,Jan,1.926533522640455,0.7806856723806028,22.159354838709678,73.01290322580645,-0.17225806451612868,7.08387096774193
2025-02-01,sydney,22.49285714285714,20.05,25.228571428571428,28,67.21428571428571,0.0,week,Sydney · Australia,AU,AUS,region,AU-NSW,open_meteo,-33.8688,151.2093,Australia/Sydney,south,humid subtropical,comparison,2025,2,Feb,0.6968940211767267,0.5061253486636195,22.10795566502463,60.25320197044334,0.3849014778325106,6.961083743842366
2025-03-01,sydney,22.30322580645161,20.11935483870968,24.86774193548387,31,62.354838709677416,0.0,week,Sydney · Australia,AU,AUS,region,AU-NSW,open_meteo,-33.8688,151.2093,Australia/Sydney,south,humid subtropical,comparison,2025,3,Mar,0.23305755031516331,0.40255752131267736,21.326451612903224,54.73548387096774,0.9767741935483869,7.6193548387096754
2025-04-01,sydney,19.34,16.556666666666665,22.23,30,61.03333333333333,0.0,week,Sydney · Australia,AU,AUS,region,AU-NSW,open_meteo,-33.8688,151.2093,Australia/Sydney,south,humid subtropical,comparison,2025,4,Apr,0.1069192491037826,0.37439270327252705,18.326,53.75333333333333,1.0139999999999993,7.280000000000001
2025-05-01,sydney,16.45483870967742,14.051612903225807,18.835483870967742,31,54.38709677419355,0.0,week,Sydney · Australia,AU,AUS,region,AU-NSW,open_meteo,-33.8688,151.2093,Australia/Sydney,south,humid subtropical,comparison,2025,5,May,-0.5274671136200125,0.23274360619671824,15.401290322580646,50.36129032258064,1.0535483870967752,4.025806451612908
2025-06-01,sydney,12.113333333333332,8.83,15.62,30,57.13333333333333,0.0,week,Sydney · Australia,AU,AUS,region,AU-NSW,open_meteo,-33.8688,151.2093,Australia/Sydney,south,humid subtropical,comparison,2025,6,Jun,-0.26533756008554044,0.29127326061050496,12.468666666666667,50.58,-0.35533333333333594,6.553333333333335
2025-07-01,sydney,12.290322580645162,9.312903225806451,15.50967741935484,31,62.064516129032256,0.0,week,Sydney · Australia,AU,AUS,region,AU-NSW,open_meteo,-33.8688,151.2093,Australia/Sydney,south,humid subtropical,comparison,2025,7,Jul,0.20534612531347685,0.3963699697497477,12.475483870967741,54.9741935483871,-0.18516129032257922,7.090322580645157
2025-08-01,sydney,13.370967741935484,10.874193548387098,16.087096774193547,31,60.193548387096776,0.0,week,Sydney · Australia,AU,AUS,region,AU-NSW,open_meteo,-33.8688,151.2093,Australia/Sydney,south,humid subtropical,comparison,2025,8,Aug,0.026761386413719133,0.356494637455312,13.81032258064516,55.15483870967741,-0.43935483870967573,5.038709677419362
2025-09-01,sydney,16.37,12.193333333333332,20.723333333333336,30,66.56666666666666,0.0,week,Sydney · Australia,AU,AUS,region,AU-NSW,open_meteo,-33.8688,151.2093,Australia/Sydney,south,humid subtropical,comparison,2025,9,Sep,0.6350784826544461,0.4923228526904388,15.874,60.526666666666664,0.49600000000000044,6.039999999999999
2025-10-01,sydney,19.44193548387097,15.248387096774191,24.103225806451615,31,77.87096774193549,0.0,week,Sydney · Australia,AU,AUS,region,AU-NSW,open_meteo,-33.8688,151.2093,Australia/Sydney,south,humid subtropical,comparison,2025,10,Oct,1.7140792642941918,0.7332477770648087,17.803870967741936,64.8258064516129,1.6380645161290346,13.045161290322582
2025-11-01,sydney,20.47,16.423333333333332,24.646666666666665,30,80.33333333333333,0.0,week,Sydney · Australia,AU,AUS,region,AU-NSW,open_meteo,-33.8688,151.2093,Australia/Sydney,south,humid subtropical,comparison,2025,11,Nov,1.9491132022714588,0.7857273810615084,19.278,64.39333333333335,1.1920000000000002,15.939999999999984
2025-12-01,sydney,21.212903225806453,17.63225806451613,24.993548387096773,31,90.38709677419357,0.0,week,Sydney · Australia,AU,AUS,region,AU-NSW,open_meteo,-33.8688,151.2093,Australia/Sydney,south,humid subtropical,comparison,2025,12,Dec,2.908749586589126,1.0,21.005161290322583,76.38709677419355,0.20774193548387032,14.000000000000014
2021-01-01,tokyo,3.816129032258064,-0.1483870967741935,8.361290322580645,31,30.806451612903224,0.0,week,Tokyo · Japan,JP,JPN,region,JP-13,open_meteo,35.6762,139.6503,Asia/Tokyo,north,humid subtropical,comparison,2021,1,Jan,-1.2055234791080995,0.3379629629629629,4.049032258064516,32.26451612903226,-0.23290322580645206,-1.4580645161290349
2021-02-01,tokyo,6.214285714285714,1.2285714285714284,11.6,28,39.035714285714285,0.0,week,Tokyo · Japan,JP,JPN,region,JP-13,open_meteo,35.6762,139.6503,Asia/Tokyo,north,humid subtropical,comparison,2021,2,Feb,-0.6023420381241616,0.4560681216931216,5.0827339901477835,38.168965517241375,1.131551724137931,0.8667487684729096
2021-03-01,tokyo,10.883870967741936,6.461290322580645,15.44516129032258,31,40.70967741935484,0.0,week,Tokyo · Japan,JP,JPN,region,JP-13,open_meteo,35.6762,139.6503,Asia/Tokyo,north,humid subtropical,comparison,2021,3,Mar,-0.4796453233335047,0.48009259259259257,9.698709677419355,39.43225806451613,1.185161290322581,1.2774193548387132
2021-04-01,tokyo,13.256666666666666,8.853333333333333,17.583333333333332,30,41.36666666666667,0.0,week,Tokyo · Japan,JP,JPN,region,JP-13,open_meteo,35.6762,139.6503,Asia/Tokyo,north,humid subtropical,comparison,2021,4,Apr,-0.4314898886778829,0.48952160493827157,14.248,44.88,-0.9913333333333334,-3.5133333333333354
2021-05-01,tokyo,18.612903225806452,15.048387096774194,22.05483870967742,31,54.483870967741936,0.0,week,Tokyo · Japan,JP,JPN,region,JP-13,open_meteo,35.6762,139.6503,Asia/Tokyo,north,humid subtropical,comparison,2021,5,May,0.5299637076624298,0.6777777777777777,18.1,54.78709677419355,0.5129032258064505,-0.30322580645161423
2021-06-01,tokyo,21.64,18.636666666666667,24.996666666666663,30,55.53333333333333,0.0,week,Tokyo · Japan,JP,JPN,region,JP-13,open_meteo,35.6762,139.6503,Asia/Tokyo,north,humid subtropical,comparison,2021,6,Jun,0.6068863005002151,0.6928395061728394,22.189333333333334,61.22666666666667,-0.5493333333333332,-5.693333333333335
2021-07-01,tokyo,24.822580645161292,22.23870967741935,27.96451612903226,31,62.70967741935484,0.0,week,Tokyo · Japan,JP,JPN,region,JP-13,open_meteo,35.6762,139.6503,Asia/Tokyo,north,humid subtropical,comparison,2021,7,Jul,1.1328918175077771,0.7958333333333333,26.658709677419353,69.75483870967741,-1.8361290322580608,-7.045161290322575
2021-08-01,tokyo,26.25483870967742,23.858064516129033,29.358064516129033,31,69.64516129032258,0.0,week,Tokyo · Japan,JP,JPN,region,JP-13,open_meteo,35.6762,139.6503,Asia/Tokyo,north,humid subtropical,comparison,2021,8,Aug,1.6412429689460108,0.8953703703703701,27.689032258064515,56.09677419354839,-1.4341935483870962,13.548387096774185
2021-09-01,tokyo,21.51,18.743333333333332,24.563333333333333,30,54.03333333333333,0.0,week,Tokyo · Japan,JP,JPN,region,JP-13,open_meteo,35.6762,139.6503,Asia/Tokyo,north,humid subtropical,comparison,2021,9,Sep,0.4969405863519459,0.6713117283950616,24.41466666666667,52.20666666666667,-2.9046666666666674,1.8266666666666609
2021-10-01,tokyo,17.148387096774194,14.13225806451613,20.60967741935484,31,40.193548387096776,0.0,week,Tokyo · Japan,JP,JPN,region,JP-13,open_meteo,35.6762,139.6503,Asia/Tokyo,north,humid subtropical,comparison,2021,10,Oct,-0.51747610669635,0.47268518518518515,17.740645161290324,41.5741935483871,-0.5922580645161304,-1.3806451612903246
2021-11-01,tokyo,11.876666666666669,8.0,16.28666666666667,30,33.2,0.0,week,Tokyo · Japan,JP,JPN,region,JP-13,open_meteo,35.6762,139.6503,Asia/Tokyo,north,humid subtropical,comparison,2021,11,Nov,-1.030083221262904,0.3723148148148148,12.344000000000001,37.36,-0.4673333333333325,-4.159999999999997
2021-12-01,tokyo,6.270967741935484,2.174193548387097,10.874193548387098,31,34.67741935483871,0.0,week,Tokyo · Japan,JP,JPN,region,JP-13,open_meteo,35.6762,139.6503,Asia/Tokyo,north,humid subtropical,comparison,2021,12,Dec,-0.9217926038867593,0.3935185185185185,6.530967741935484,39.29032258064516,-0.2599999999999998,-4.612903225806448
2022-01-01,tokyo,2.767741935483871,-0.9774193548387096,7.390322580645161,31,30.161290322580644,0.0,week,Tokyo · Japan,JP,JPN,region,JP-13,open_meteo,35.6762,139.6503,Asia/Tokyo,north,humid subtropical,comparison,2022,1,Jan,-1.2528119583116561,0.32870370370370366,4.049032258064516,32.26451612903226,-1.2812903225806451,-2.103225806451615
2022-02-01,tokyo,3.207142857142857,-1.3607142857142858,8.278571428571428,28,35.392857142857146,0.0,week,Tokyo · Japan,JP,JPN,region,JP-13,open_meteo,35.6762,139.6503,Asia/Tokyo,north,humid subtropical,comparison,2022,2,Feb,-0.8693530581985295,0.40378637566137565,5.0827339901477835,38.168965517241375,-1.8755911330049266,-2.776108374384229
2022-03-01,tokyo,9.36774193548387,5.032258064516129,14.251612903225809,31,36.67741935483871,0.0,week,Tokyo · Japan,JP,JPN,region,JP-13,open_meteo,35.6762,139.6503,Asia/Tokyo,north,humid subtropical,comparison,2022,3,Mar,-0.7751983183557337,0.4222222222222222,9.698709677419355,39.43225806451613,-0.33096774193548484,-2.754838709677415
2022-04-01,tokyo,13.953333333333331,10.126666666666669,17.983333333333334,30,41.43333333333333,0.0,week,Tokyo · Japan,JP,JPN,region,JP-13,open_meteo,35.6762,139.6503,Asia/Tokyo,north,humid subtropical,comparison,2022,4,Apr,-0.42660341249351563,0.4904783950617283,14.248,44.88,-0.29466666666666796,-3.4466666666666725
2022-05-01,tokyo,17.661290322580644,14.019354838709678,21.38064516129032,31,48.903225806451616,0.0,week,Tokyo · Japan,JP,JPN,region,JP-13,open_meteo,35.6762,139.6503,Asia/Tokyo,north,humid subtropical,comparison,2022,5,May,0.12091836255166491,0.5976851851851851,18.1,54.78709677419355,-0.4387096774193573,-5.8838709677419345
2022-06-01,tokyo,21.80666666666667,18.53666666666667,25.396666666666665,30,59.46666666666667,0.0,week,Tokyo · Japan,JP,JPN,region,JP-13,open_meteo,35.6762,139.6503,Asia/Tokyo,north,humid subtropical,comparison,2022,6,Jun,0.8951883953778991,0.74929012345679,22.189333333333334,61.22666666666667,-0.3826666666666654,-1.759999999999998
2022-07-01,tokyo,26.154838709677417,23.46451612903226,29.403225806451612,31,64.12903225806451,0.0,week,Tokyo · Japan,JP,JPN,region,JP-13,open_meteo,35.6762,139.6503,Asia/Tokyo,north,humid subtropical,comparison,2022,7,Jul,1.2369264717556014,0.8162037037037035,26.658709677419353,69.75483870967741,-0.5038709677419355,-5.6258064516129025
2022-08-01,tokyo,26.438709677419357,23.96451612903226,29.46451612903226,31,7.258064516129032,0.0,week,Tokyo · Japan,JP,JPN,region,JP-13,open_meteo,35.6762,139.6503,Asia/Tokyo,north,humid subtropical,comparison,2022,8,Aug,-2.931552970037917,0.0,27.689032258064515,56.09677419354839,-1.2503225806451574,-48.83870967741936
2022-09-01,tokyo,23.663333333333338,20.973333333333336,26.813333333333333,30,39.6,0.0,week,Tokyo · Japan,JP,JPN,region,JP-13,open_meteo,35.6762,139.6503,Asia/Tokyo,north,humid subtropical,comparison,2022,9,Sep,-0.5609815075636221,0.4641666666666666,24.41466666666667,52.20666666666667,-0.7513333333333314,-12.60666666666667
2022-10-01,tokyo,16.519354838709678,13.261290322580646,20.12258064516129,31,37.38709677419355,0.0,week,Tokyo · Japan,JP,JPN,region,JP-13,open_meteo,35.6762,139.6503,Asia/Tokyo,north,humid subtropical,comparison,2022,10,Oct,-0.7231809912318213,0.4324074074074074,17.740645161290324,41.5741935483871,-1.2212903225806464,-4.187096774193549
2022-11-01,tokyo,13.053333333333336,9.453333333333337,16.853333333333335,30,36.166666666666664,0.0,week,Tokyo · Japan,JP,JPN,region,JP-13,open_meteo,35.6762,139.6503,Asia/Tokyo,north,humid subtropical,comparison,2022,11,Nov,-0.8126350310585497,0.4148919753086419,12.344000000000001,37.36,0.7093333333333351,-1.1933333333333351
2022-12-01,tokyo,5.919354838709677,2.2870967741935484,10.19032258064516,31,34.12903225806452,0.0,week,Tokyo · Japan,JP,JPN,region,JP-13,open_meteo,35.6762,139.6503,Asia/Tokyo,north,humid subtropical,comparison,2022,12,Dec,-0.9619878112097824,0.38564814814814813,6.530967741935484,39.29032258064516,-0.6116129032258071,-5.161290322580641
2023-01-01,tokyo,3.941935483870968,0.0258064516129032,8.296774193548387,31,32.096774193548384,0.0,week,Tokyo · Japan,JP,JPN,region,JP-13,open_meteo,35.6762,139.6503,Asia/Tokyo,north,humid subtropical,comparison,2023,1,Jan,-1.1109465207009863,0.3564814814814814,4.049032258064516,32.26451612903226,-0.1070967741935478,-0.16774193548387473
2023-02-01,tokyo,5.396428571428571,1.2642857142857142,9.992857142857144,28,34.75,0.0,week,Tokyo · Japan,JP,JPN,region,JP-13,open_meteo,35.6762,139.6503,Asia/Tokyo,north,humid subtropical,comparison,2023,2,Feb,-0.9164726499763594,0.39456018518518515,5.0827339901477835,38.168965517241375,0.31369458128078787,-3.418965517241375
2023-03-01,tokyo,11.225806451612904,6.919354838709677,15.619354838709675,31,37.774193548387096,0.0,week,Tokyo · Japan,JP,JPN,region,JP-13,open_meteo,35.6762,139.6503,Asia/Tokyo,north,humid subtropical,comparison,2023,3,Mar,-0.6948079037096876,0.4379629629629629,9.698709677419355,39.43225806451613,1.5270967741935486,-1.6580645161290306
2023-04-01,tokyo,14.683333333333334,10.57,18.663333333333338,30,43.833333333333336,0.0,week,Tokyo · Japan,JP,JPN,region,JP-13,open_meteo,35.6762,139.6503,Asia/Tokyo,north,humid subtropical,comparison,2023,4,Apr,-0.25069026985628445,0.5249228395061728,14.248,44.88,0.43533333333333424,-1.0466666666666669
2023-05-01,tokyo,17.664516129032258,13.73225806451613,21.664516129032258,31,52.87096774193548,0.0,week,Tokyo · Japan,JP,JPN,region,JP-13,open_meteo,35.6762,139.6503,Asia/Tokyo,north,humid subtropical,comparison,2023,5,May,0.41174250965353787,0.6546296296296295,18.1,54.78709677419355,-0.43548387096774377,-1.9161290322580697
2023-06-01,tokyo,21.93,18.77,25.44333333333333,30,57.1,0.0,week,Tokyo · Japan,JP,JPN,region,JP-13,open_meteo,35.6762,139.6503,Asia/Tokyo,north,humid subtropical,comparison,2023,6,Jun,0.7217184908328521,0.7153240740740741,22.189333333333334,61.22666666666667,-0.2593333333333341,-4.126666666666665
2023-07-01,tokyo,27.206451612903223,23.94516129032258,31.251612903225805,31,76.93548387096774,0.0,week,Tokyo · Japan,JP,JPN,region,JP-13,open_meteo,35.6762,139.6503,Asia/Tokyo,north,humid subtropical,comparison,2023,7,Jul,2.1756027839462013,1.0,26.658709677419353,69.75483870967741,0.5477419354838702,7.180645161290329
2023-08-01,tokyo,28.24516129032258,25.616129032258065,31.70967741935484,31,69.51612903225806,0.0,week,Tokyo · Japan,JP,JPN,region,JP-13,open_meteo,35.6762,139.6503,Asia/Tokyo,north,humid subtropical,comparison,2023,8,Aug,1.6317852731052997,0.8935185185185184,27.689032258064515,56.09677419354839,0.5561290322580668,13.419354838709673
2023-09-01,tokyo,25.756666666666668,23.226666666666667,28.886666666666667,30,57.233333333333334,0.0,week,Tokyo · Japan,JP,JPN,region,JP-13,open_meteo,35.6762,139.6503,Asia/Tokyo,north,humid subtropical,comparison,2023,9,Sep,0.7314914432015871,0.7172376543209876,24.41466666666667,52.20666666666667,1.3419999999999987,5.026666666666664
2023-10-01,tokyo,17.538709677419355,13.770967741935484,21.490322580645163,31,44.87096774193548,0.0,week,Tokyo · Japan,JP,JPN,region,JP-13,open_meteo,35.6762,139.6503,Asia/Tokyo,north,humid subtropical,comparison,2023,10,Oct,-0.17463463247056463,0.5398148148148147,17.740645161290324,41.5741935483871,-0.20193548387096882,3.29677419354838
2023-11-01,tokyo,13.003333333333334,9.116666666666667,17.52,30,40.233333333333334,0.0,week,Tokyo · Japan,JP,JPN,region,JP-13,open_meteo,35.6762,139.6503,Asia/Tokyo,north,humid subtropical,comparison,2023,11,Nov,-0.5145599838121308,0.4732561728395061,12.344000000000001,37.36,0.6593333333333327,2.873333333333335
2023-12-01,tokyo,7.716129032258064,3.758064516129033,12.506451612903223,31,41.45161290322581,0.0,week,Tokyo · Japan,JP,JPN,region,JP-13,open_meteo,35.6762,139.6503,Asia/Tokyo,north,humid subtropical,comparison,2023,12,Dec,-0.4252635722494145,0.4907407407407407,6.530967741935484,39.29032258064516,1.18516129032258,2.1612903225806477
2024-01-01,tokyo,5.161290322580645,0.7774193548387097,10.016129032258064,31,33.483870967741936,0.0,week,Tokyo · Japan,JP,JPN,region,JP-13,open_meteo,35.6762,139.6503,Asia/Tokyo,north,humid subtropical,comparison,2024,1,Jan,-1.0092762904133392,0.37638888888888883,4.049032258064516,32.26451612903226,1.112258064516129,1.2193548387096769
2024-02-01,tokyo,6.217241379310345,2.3517241379310345,10.475862068965515,29,37.3448275862069,0.0,week,Tokyo · Japan,JP,JPN,region,JP-13,open_meteo,35.6762,139.6503,Asia/Tokyo,north,humid subtropical,comparison,2024,2,Feb,-0.7262792019382615,0.4318007662835249,5.0827339901477835,38.168965517241375,1.1345073891625619,-0.8241379310344783
2024-03-01,tokyo,7.932258064516129,3.4612903225806453,12.574193548387097,31,37.774193548387096,0.0,week,Tokyo · Japan,JP,JPN,region,JP-13,open_meteo,35.6762,139.6503,Asia/Tokyo,north,humid subtropical,comparison,2024,3,Mar,-0.6948079037096876,0.4379629629629629,9.698709677419355,39.43225806451613,-1.766451612903226,-1.6580645161290306
2024-04-01,tokyo,15.303333333333336,11.616666666666667,19.45,30,47.06666666666667,0.0,week,Tokyo · Japan,JP,JPN,region,JP-13,open_meteo,35.6762,139.6503,Asia/Tokyo,north,humid subtropical,comparison,2024,4,Apr,-0.013696174914459652,0.5713271604938271,14.248,44.88,1.055333333333337,2.1866666666666674
2024-05-01,tokyo,18.541935483870965,14.67741935483871,22.325806451612905,31,57.41935483870968,0.0,week,Tokyo · Japan,JP,JPN,region,JP-13,open_meteo,35.6762,139.6503,Asia/Tokyo,north,humid subtropical,comparison,2024,5,May,0.7451262880386127,0.7199074074074073,18.1,54.78709677419355,0.4419354838709637,2.6322580645161295
2024-06-01,tokyo,22.083333333333332,18.91,25.563333333333333,30,64.43333333333334,0.0,week,Tokyo · Japan,JP,JPN,region,JP-13,open_meteo,35.6762,139.6503,Asia/Tokyo,north,humid subtropical,comparison,2024,6,Jun,1.2592308711132796,0.8205709876543209,22.189333333333334,61.22666666666667,-0.10600000000000165,3.2066666666666706
2024-07-01,tokyo,27.541935483870965,24.638709677419353,30.91290322580645,31,70.35483870967742,0.0,week,Tokyo · Japan,JP,JPN,region,JP-13,open_meteo,35.6762,139.6503,Asia/Tokyo,north,humid subtropical,comparison,2024,7,Jul,1.6932602960699237,0.9055555555555554,26.658709677419353,69.75483870967741,0.8832258064516125,0.6000000000000085
2024-08-01,tokyo,28.29032258064516,25.76129032258065,31.596774193548388,31,63.74193548387097,0.0,week,Tokyo · Japan,JP,JPN,region,JP-13,open_meteo,35.6762,139.6503,Asia/Tokyo,north,humid subtropical,comparison,2024,8,Aug,1.2085533842334677,0.810648148148148,27.689032258064515,56.09677419354839,0.6012903225806454,7.6451612903225765
2024-09-01,tokyo,25.696666666666665,23.276666666666664,28.623333333333335,30,55.56666666666667,0.0,week,Tokyo · Japan,JP,JPN,region,JP-13,open_meteo,35.6762,139.6503,Asia/Tokyo,north,humid subtropical,comparison,2024,9,Sep,0.6093295385923992,0.6933179012345678,24.41466666666667,52.20666666666667,1.2819999999999965,3.3599999999999994
2024-10-01,tokyo,19.664516129032258,16.80322580645161,22.796774193548387,31,42.74193548387097,0.0,week,Tokyo · Japan,JP,JPN,region,JP-13,open_meteo,35.6762,139.6503,Asia/Tokyo,north,humid subtropical,comparison,2024,10,Oct,-0.3306866138423013,0.5092592592592592,17.740645161290324,41.5741935483871,1.9238709677419337,1.1677419354838676
2024-11-01,tokyo,12.493333333333334,9.24,16.06,30,35.36666666666667,0.0,week,Tokyo · Japan,JP,JPN,region,JP-13,open_meteo,35.6762,139.6503,Asia/Tokyo,north,humid subtropical,comparison,2024,11,Nov,-0.8712727452709598,0.40341049382716043,12.344000000000001,37.36,0.14933333333333287,-1.9933333333333323
2024-12-01,tokyo,5.958064516129032,1.6,10.996774193548386,31,35.83870967741935,0.0,week,Tokyo · Japan,JP,JPN,region,JP-13,open_meteo,35.6762,139.6503,Asia/Tokyo,north,humid subtropical,comparison,2024,12,Dec,-0.8366733413203576,0.4101851851851851,6.530967741935484,39.29032258064516,-0.5729032258064519,-3.451612903225808
2025-01-01,tokyo,4.558064516129033,0.3032258064516128,9.609677419354838,31,34.774193548387096,0.0,week,Tokyo · Japan,JP,JPN,region,JP-13,open_meteo,35.6762,139.6503,Asia/Tokyo,north,humid subtropical,comparison,2025,1,Jan,-0.914699332006226,0.3949074074074074,4.049032258064516,32.26451612903226,0.5090322580645168,2.509677419354837
2025-02-01,tokyo,4.378571428571429,-0.2428571428571428,9.485714285714286,28,44.32142857142857,0.0,week,Tokyo · Japan,JP,JPN,region,JP-13,open_meteo,35.6762,139.6503,Asia/Tokyo,north,humid subtropical,comparison,2025,2,Feb,-0.21491428350645117,0.53192791005291,5.0827339901477835,38.168965517241375,-0.7041625615763545,6.152463054187194
2025-03-01,tokyo,9.083870967741936,4.583870967741936,13.870967741935484,31,44.225806451612904,0.0,week,Tokyo · Japan,JP,JPN,region,JP-13,open_meteo,35.6762,139.6503,Asia/Tokyo,north,humid subtropical,comparison,2025,3,Mar,-0.22192311167412096,0.5305555555555554,9.698709677419355,39.43225806451613,-0.6148387096774197,4.793548387096777
2025-04-01,tokyo,14.043333333333331,9.903333333333334,18.276666666666664,30,50.7,0.0,week,Tokyo · Japan,JP,JPN,region,JP-13,open_meteo,35.6762,139.6503,Asia/Tokyo,north,humid subtropical,comparison,2025,4,Apr,0.25261677713357017,0.6234722222222222,14.248,44.88,-0.2046666666666681,5.82
2025-05-01,tokyo,18.01935483870968,14.838709677419354,21.40967741935484,31,60.25806451612903,0.0,week,Tokyo · Japan,JP,JPN,region,JP-13,open_meteo,35.6762,139.6503,Asia/Tokyo,north,humid subtropical,comparison,2025,5,May,0.9531955965342618,0.7606481481481481,18.1,54.78709677419355,-0.08064516129032029,5.470967741935482
2025-06-01,tokyo,23.486666666666668,20.42,26.84333333333333,30,69.6,0.0,week,Tokyo · Japan,JP,JPN,region,JP-13,open_meteo,35.6762,139.6503,Asia/Tokyo,north,humid subtropical,comparison,2025,6,Jun,1.6379327754017616,0.894722222222222,22.189333333333334,61.22666666666667,1.2973333333333343,8.373333333333328
2025-07-01,tokyo,27.567741935483873,24.53548387096774,31.23225806451613,31,74.64516129032258,0.0,week,Tokyo · Japan,JP,JPN,region,JP-13,open_meteo,35.6762,139.6503,Asia/Tokyo,north,humid subtropical,comparison,2025,7,Jul,2.0077286827735747,0.9671296296296293,26.658709677419353,69.75483870967741,0.9090322580645207,4.890322580645162
2025-08-01,tokyo,29.216129032258067,26.029032258064515,33.3258064516129,31,70.3225806451613,0.0,week,Tokyo · Japan,JP,JPN,region,JP-13,open_meteo,35.6762,139.6503,Asia/Tokyo,north,humid subtropical,comparison,2025,8,Aug,1.690895872109746,0.9050925925925926,27.689032258064515,56.09677419354839,1.5270967741935522,14.225806451612904
2025-09-01,tokyo,25.446666666666665,22.783333333333335,28.683333333333337,30,54.6,0.0,week,Tokyo · Japan,JP,JPN,region,JP-13,open_meteo,35.6762,139.6503,Asia/Tokyo,north,humid subtropical,comparison,2025,9,Sep,0.53847563391907,0.6794444444444444,24.41466666666667,52.20666666666667,1.0319999999999965,2.393333333333331
2025-10-01,tokyo,17.83225806451613,15.306451612903226,20.729032258064517,31,42.67741935483871,0.0,week,Tokyo · Japan,JP,JPN,region,JP-13,open_meteo,35.6762,139.6503,Asia/Tokyo,north,humid subtropical,comparison,2025,10,Oct,-0.33541546176265685,0.5083333333333333,17.740645161290324,41.5741935483871,0.09161290322580484,1.1032258064516114
2025-11-01,tokyo,11.293333333333331,7.5,15.486666666666668,30,41.833333333333336,0.0,week,Tokyo · Japan,JP,JPN,region,JP-13,open_meteo,35.6762,139.6503,Asia/Tokyo,north,humid subtropical,comparison,2025,11,Nov,-0.3972845553873101,0.4962191358024691,12.344000000000001,37.36,-1.05066666666667,4.473333333333336
2025-12-01,tokyo,6.790322580645161,2.703225806451613,11.33548387096774,31,50.354838709677416,0.0,week,Tokyo · Japan,JP,JPN,region,JP-13,open_meteo,35.6762,139.6503,Asia/Tokyo,north,humid subtropical,comparison,2025,12,Dec,0.22731744075966695,0.6185185185185184,6.530967741935484,39.29032258064516,0.2593548387096769,11.064516129032256
2021-01-01,toronto,-2.0451612903225804,-4.487096774193549,0.229032258064516,31,34.774193548387096,0.0,week,Toronto · Canada,CA,CAN,region,CA-ON,open_meteo,43.6532,-79.3832,America/Toronto,north,humid continental,comparison,2021,1,Jan,-0.9943806073266399,0.08058968058968057,-3.113548387096774,34.535483870967745,1.0683870967741935,0.2387096774193509
2021-02-01,toronto,-4.653571428571429,-7.910714285714286,-1.4142857142857144,28,35.5,0.0,week,Toronto · Canada,CA,CAN,region,CA-ON,open_meteo,43.6532,-79.3832,America/Toronto,north,humid continental,comparison,2021,2,Feb,-0.9531363583516116,0.09164619164619163,-2.767610837438424,37.495073891625616,-1.8859605911330055,-1.9950738916256157
2021-03-01,toronto,2.6806451612903226,-1.7129032258064516,7.283870967741936,31,40.87096774193548,0.0,week,Toronto · Canada,CA,CAN,region,CA-ON,open_meteo,43.6532,-79.3832,America/Toronto,north,humid continental,comparison,2021,3,Mar,-0.6479289159364021,0.17346437346437338,2.0064516129032257,44.95483870967742,0.6741935483870969,-4.083870967741937
2021-04-01,toronto,6.8133333333333335,3.48,10.273333333333332,30,51.833333333333336,0.0,week,Toronto · Canada,CA,CAN,region,CA-ON,open_meteo,43.6532,-79.3832,America/Toronto,north,humid continental,comparison,2021,4,Apr,-0.02498799993578869,0.34045864045864044,6.866,52.08,-0.052666666666666195,-0.2466666666666626
2021-05-01,toronto,12.577419354838709,8.264516129032257,16.432258064516127,31,71.54838709677419,0.0,week,Toronto · Canada,CA,CAN,region,CA-ON,open_meteo,43.6532,-79.3832,America/Toronto,north,humid continental,comparison,2021,5,May,1.0953280074081289,0.6407862407862407,12.926451612903225,69.01290322580645,-0.34903225806451665,2.535483870967738
2021-06-01,toronto,20.133333333333333,16.683333333333334,23.813333333333333,30,77.26666666666667,0.0,week,Toronto · Canada,CA,CAN,region,CA-ON,open_meteo,43.6532,-79.3832,America/Toronto,north,humid continental,comparison,2021,6,Jun,1.420271586740278,0.7278951678951677,19.055333333333333,77.63333333333334,1.0779999999999994,-0.36666666666667425
2021-07-01,toronto,20.94516129032258,17.87741935483871,24.048387096774192,31,73.3225806451613,0.0,week,Toronto · Canada,CA,CAN,region,CA-ON,open_meteo,43.6532,-79.3832,America/Toronto,north,humid continental,comparison,2021,7,Jul,1.1961472826804207,0.6678132678132678,22.12258064516129,81.69677419354839,-1.1774193548387082,-8.374193548387098
2021-08-01,toronto,23.383870967741935,20.029032258064515,26.716129032258067,31,71.64516129032258,0.0,week,Toronto · Canada,CA,CAN,region,CA-ON,open_meteo,43.6532,-79.3832,America/Toronto,north,humid continental,comparison,2021,8,Aug,1.100827240604799,0.6422604422604421,21.73483870967742,70.83225806451613,1.6490322580645156,0.8129032258064512
2021-09-01,toronto,18.736666666666668,15.49,22.003333333333337,30,48.03333333333333,0.0,week,Toronto · Canada,CA,CAN,region,CA-ON,open_meteo,43.6532,-79.3832,America/Toronto,north,humid continental,comparison,2021,9,Sep,-0.24092455679171504,0.2825716625716625,18.603333333333335,50.82,0.13333333333333286,-2.786666666666669
2021-10-01,toronto,14.325806451612904,12.34516129032258,16.812903225806455,31,34.774193548387096,0.0,week,Toronto · Canada,CA,CAN,region,CA-ON,open_meteo,43.6532,-79.3832,America/Toronto,north,humid continental,comparison,2021,10,Oct,-0.9943806073266399,0.08058968058968057,12.779354838709676,38.66451612903226,1.546451612903228,-3.8903225806451616
2021-11-01,toronto,5.010000000000001,2.283333333333333,8.203333333333333,30,29.8,0.0,week,Toronto · Canada,CA,CAN,region,CA-ON,open_meteo,43.6532,-79.3832,America/Toronto,north,humid continental,comparison,2021,11,Nov,-1.2770411936355006,0.004815724815724819,5.461333333333334,34.1,-0.45133333333333336,-4.300000000000001
2021-12-01,toronto,2.1838709677419357,-0.6516129032258066,4.67741935483871,31,29.483870967741936,0.0,week,Toronto · Canada,CA,CAN,region,CA-ON,open_meteo,43.6532,-79.3832,America/Toronto,north,humid continental,comparison,2021,12,Dec,-1.2950053554112908,0.0,0.6645161290322581,35.45161290322581,1.5193548387096776,-5.967741935483872
2022-01-01,toronto,-6.854838709677419,-11.274193548387096,-2.803225806451613,31,32.354838709677416,0.0,week,Toronto · Canada,CA,CAN,region,CA-ON,open_meteo,43.6532,-79.3832,America/Toronto,north,humid continental,comparison,2022,1,Jan,-1.131861437243401,0.043734643734643676,-3.113548387096774,34.535483870967745,-3.741290322580645,-2.180645161290329
2022-02-01,toronto,-3.917857142857143,-8.171428571428573,0.1178571428571427,28,37.714285714285715,0.0,week,Toronto · Canada,CA,CAN,region,CA-ON,open_meteo,43.6532,-79.3832,America/Toronto,north,humid continental,comparison,2022,2,Feb,-0.8273086654468426,0.12537732537732538,-2.767610837438424,37.495073891625616,-1.1502463054187193,0.21921182266009964
2022-03-01,toronto,1.2096774193548387,-2.0483870967741935,4.951612903225806,31,40.54838709677419,0.0,week,Toronto · Canada,CA,CAN,region,CA-ON,open_meteo,43.6532,-79.3832,America/Toronto,north,humid continental,comparison,2022,3,Mar,-0.6662596932586368,0.1685503685503685,2.0064516129032257,44.95483870967742,-0.796774193548387,-4.406451612903226
2022-04-01,toronto,5.966666666666667,2.6366666666666663,9.54,30,45.46666666666667,0.0,week,Toronto · Canada,CA,CAN,region,CA-ON,open_meteo,43.6532,-79.3832,America/Toronto,north,humid continental,comparison,2022,4,Apr,-0.3867764416856298,0.24347256347256346,6.866,52.08,-0.8993333333333329,-6.61333333333333
2022-05-01,toronto,13.332258064516129,9.69032258064516,17.009677419354837,31,63.70967741935484,0.0,week,Toronto · Canada,CA,CAN,region,CA-ON,open_meteo,43.6532,-79.3832,America/Toronto,north,humid continental,comparison,2022,5,May,0.649890118477823,0.5213759213759213,12.926451612903225,69.01290322580645,0.40580645161290363,-5.303225806451614
2022-06-01,toronto,18.39333333333333,14.156666666666666,22.326666666666664,30,72.56666666666666,0.0,week,Toronto · Canada,CA,CAN,region,CA-ON,open_meteo,43.6532,-79.3832,America/Toronto,north,humid continental,comparison,2022,6,Jun,1.1531921611553166,0.6562981162981162,19.055333333333333,77.63333333333334,-0.6620000000000026,-5.066666666666677
2022-07-01,toronto,21.76451612903226,17.932258064516127,25.40967741935484,31,77.64516129032258,0.0,week,Toronto · Canada,CA,CAN,region,CA-ON,open_meteo,43.6532,-79.3832,America/Toronto,north,humid continental,comparison,2022,7,Jul,1.4417796987983666,0.7336609336609334,22.12258064516129,81.69677419354839,-0.3580645161290299,-4.051612903225816
2022-08-01,toronto,22.161290322580644,18.70967741935484,25.612903225806452,31,66.90322580645162,0.0,week,Toronto · Canada,CA,CAN,region,CA-ON,open_meteo,43.6532,-79.3832,America/Toronto,north,humid continental,comparison,2022,8,Aug,0.8313648139679477,0.57002457002457,21.73483870967742,70.83225806451613,0.4264516129032252,-3.9290322580645096
2022-09-01,toronto,18.166666666666668,15.296666666666663,21.533333333333335,30,45.833333333333336,0.0,week,Toronto · Canada,CA,CAN,region,CA-ON,open_meteo,43.6532,-79.3832,America/Toronto,north,humid continental,comparison,2022,9,Sep,-0.3659404581293562,0.24905814905814905,18.603333333333335,50.82,-0.4366666666666674,-4.986666666666665
2022-10-01,toronto,10.948387096774193,7.780645161290322,14.387096774193548,31,37.58064516129032,0.0,week,Toronto · Canada,CA,CAN,region,CA-ON,open_meteo,43.6532,-79.3832,America/Toronto,north,humid continental,comparison,2022,10,Oct,-0.8349028446231971,0.12334152334152328,12.779354838709676,38.66451612903226,-1.830967741935483,-1.0838709677419374
2022-11-01,toronto,5.846666666666667,3.1766666666666667,8.620000000000001,30,32.0,0.0,week,Toronto · Canada,CA,CAN,region,CA-ON,open_meteo,43.6532,-79.3832,America/Toronto,north,humid continental,comparison,2022,11,Nov,-1.1520252922978593,0.03832923832923832,5.461333333333334,34.1,0.38533333333333264,-2.1000000000000014
2022-12-01,toronto,0.4645161290322581,-1.8193548387096776,2.5870967741935487,31,32.45161290322581,0.0,week,Toronto · Canada,CA,CAN,region,CA-ON,open_meteo,43.6532,-79.3832,America/Toronto,north,humid continental,comparison,2022,12,Dec,-1.1263622040467305,0.045208845208845216,0.6645161290322581,35.45161290322581,-0.2,-3.0
2023-01-01,toronto,-0.4129032258064515,-2.7548387096774194,1.7580645161290325,31,33.54838709677419,0.0,week,Toronto · Canada,CA,CAN,region,CA-ON,open_meteo,43.6532,-79.3832,America/Toronto,north,humid continental,comparison,2023,1,Jan,-1.0640375611511323,0.06191646191646188,-3.113548387096774,34.535483870967745,2.7006451612903226,-0.987096774193553
2023-02-01,toronto,-1.2857142857142858,-5.214285714285714,3.189285714285714,28,35.714285714285715,0.0,week,Toronto · Canada,CA,CAN,region,CA-ON,open_meteo,43.6532,-79.3832,America/Toronto,north,humid continental,comparison,2023,2,Feb,-0.9409594848446984,0.0949104949104949,-2.767610837438424,37.495073891625616,1.481896551724138,-1.7807881773399004
2023-03-01,toronto,0.5709677419354838,-2.454838709677419,3.893548387096774,31,47.16129032258065,0.0,week,Toronto · Canada,CA,CAN,region,CA-ON,open_meteo,43.6532,-79.3832,America/Toronto,north,humid continental,comparison,2023,3,Mar,-0.2904787581528229,0.26928746928746927,2.0064516129032257,44.95483870967742,-1.435483870967742,2.20645161290323
2023-04-01,toronto,7.73,4.0633333333333335,11.666666666666666,30,56.6,0.0,week,Toronto · Canada,CA,CAN,region,CA-ON,open_meteo,43.6532,-79.3832,America/Toronto,north,humid continental,comparison,2023,4,Apr,0.24587978629576768,0.41307125307125303,6.866,52.08,0.8640000000000008,4.520000000000003
2023-05-01,toronto,12.651612903225804,8.412903225806453,16.603225806451615,31,72.35483870967742,0.0,week,Toronto · Canada,CA,CAN,region,CA-ON,open_meteo,43.6532,-79.3832,America/Toronto,north,humid continental,comparison,2023,5,May,1.1411549507137162,0.653071253071253,12.926451612903225,69.01290322580645,-0.27483870967742163,3.3419354838709694
2023-06-01,toronto,18.66,15.48,21.90666666666667,30,80.43333333333334,0.0,week,Toronto · Canada,CA,CAN,region,CA-ON,open_meteo,43.6532,-79.3832,America/Toronto,north,humid continental,comparison,2023,6,Jun,1.60021871745355,0.776134316134316,19.055333333333333,77.63333333333334,-0.3953333333333333,2.799999999999997
2023-07-01,toronto,22.01290322580645,18.34193548387097,25.429032258064513,31,85.38709677419355,0.0,week,Toronto · Canada,CA,CAN,region,CA-ON,open_meteo,43.6532,-79.3832,America/Toronto,north,humid continental,comparison,2023,7,Jul,1.8817183545320024,0.8515970515970515,22.12258064516129,81.69677419354839,-0.10967741935483843,3.6903225806451587
2023-08-01,toronto,20.19677419354839,17.051612903225806,23.312903225806455,31,69.74193548387096,0.0,week,Toronto · Canada,CA,CAN,region,CA-ON,open_meteo,43.6532,-79.3832,America/Toronto,north,humid continental,comparison,2023,8,Aug,0.9926756544036135,0.6132678132678131,21.73483870967742,70.83225806451613,-1.5380645161290296,-1.0903225806451644
2023-09-01,toronto,18.72,15.613333333333332,22.043333333333333,30,55.3,0.0,week,Toronto · Canada,CA,CAN,region,CA-ON,open_meteo,43.6532,-79.3832,America/Toronto,north,humid continental,comparison,2023,9,Sep,0.17200675368716115,0.3932678132678132,18.603333333333335,50.82,0.11666666666666359,4.479999999999997
2023-10-01,toronto,13.019354838709678,10.558064516129033,15.8,31,39.354838709677416,0.0,week,Toronto · Canada,CA,CAN,region,CA-ON,open_meteo,43.6532,-79.3832,America/Toronto,north,humid continental,comparison,2023,10,Oct,-0.7340835693509057,0.1503685503685503,12.779354838709676,38.66451612903226,0.240000000000002,0.6903225806451587
2023-11-01,toronto,4.683333333333334,1.9833333333333336,7.456666666666666,30,34.766666666666666,0.0,week,Toronto · Canada,CA,CAN,region,CA-ON,open_meteo,43.6532,-79.3832,America/Toronto,north,humid continental,comparison,2023,11,Nov,-0.9948083254641588,0.08047502047502045,5.461333333333334,34.1,-0.7780000000000005,0.6666666666666643
2023-12-01,toronto,3.0580645161290323,1.4451612903225808,4.893548387096774,31,35.16129032258065,0.0,week,Toronto · Canada,CA,CAN,region,CA-ON,open_meteo,43.6532,-79.3832,America/Toronto,north,humid continental,comparison,2023,12,Dec,-0.972383674539958,0.0864864864864865,0.6645161290322581,35.45161290322581,2.393548387096774,-0.29032258064516014
2024-01-01,toronto,-1.667741935483871,-3.761290322580645,0.7096774193548387,31,35.064516129032256,0.0,week,Toronto · Canada,CA,CAN,region,CA-ON,open_meteo,43.6532,-79.3832,America/Toronto,north,humid continental,comparison,2024,1,Jan,-0.9778829077366287,0.08501228501228496,-3.113548387096774,34.535483870967745,1.445806451612903,0.529032258064511
2024-02-01,toronto,0.4655172413793103,-2.8310344827586205,4.017241379310345,29,38.689655172413794,0.0,week,Toronto · Canada,CA,CAN,region,CA-ON,open_meteo,43.6532,-79.3832,America/Toronto,north,humid continental,comparison,2024,2,Feb,-0.7718828963808931,0.1402355333389816,-2.767610837438424,37.495073891625616,3.2331280788177343,1.194581280788178
2024-03-01,toronto,3.4612903225806453,0.4645161290322581,6.761290322580645,31,45.774193548387096,0.0,week,Toronto · Canada,CA,CAN,region,CA-ON,open_meteo,43.6532,-79.3832,America/Toronto,north,humid continental,comparison,2024,3,Mar,-0.3693011006384328,0.2481572481572481,2.0064516129032257,44.95483870967742,1.4548387096774196,0.8193548387096783
2024-04-01,toronto,7.446666666666667,4.226666666666667,10.78,30,51.96666666666667,0.0,week,Toronto · Canada,CA,CAN,region,CA-ON,open_meteo,43.6532,-79.3832,America/Toronto,north,humid continental,comparison,2024,4,Apr,-0.017411278642598327,0.3424897624897625,6.866,52.08,0.5806666666666676,-0.11333333333332973
2024-05-01,toronto,14.535483870967743,11.13548387096774,17.91290322580645,31,68.61290322580645,0.0,week,Toronto · Canada,CA,CAN,region,CA-ON,open_meteo,43.6532,-79.3832,America/Toronto,north,humid continental,comparison,2024,5,May,0.9285179337757918,0.5960687960687959,12.926451612903225,69.01290322580645,1.6090322580645182,-0.4000000000000057
2024-06-01,toronto,19.046666666666667,15.766666666666667,22.316666666666663,30,74.23333333333333,0.0,week,Toronto · Canada,CA,CAN,region,CA-ON,open_meteo,43.6532,-79.3832,America/Toronto,north,humid continental,comparison,2024,6,Jun,1.2479011773201967,0.6816871416871416,19.055333333333333,77.63333333333334,-0.0086666666666666,-3.4000000000000057
2024-07-01,toronto,22.24516129032258,18.63225806451613,25.596774193548388,31,77.0,0.0,week,Toronto · Canada,CA,CAN,region,CA-ON,open_meteo,43.6532,-79.3832,America/Toronto,north,humid continental,comparison,2024,7,Jul,1.4051181441538971,0.7238329238329237,22.12258064516129,81.69677419354839,0.12258064516129252,-4.696774193548393
2024-08-01,toronto,21.338709677419356,18.258064516129032,24.574193548387097,31,67.96774193548387,0.0,week,Toronto · Canada,CA,CAN,region,CA-ON,open_meteo,43.6532,-79.3832,America/Toronto,north,humid continental,comparison,2024,8,Aug,0.8918563791313224,0.5862407862407861,21.73483870967742,70.83225806451613,-0.39612903225806306,-2.8645161290322534
2024-09-01,toronto,19.040000000000003,16.01,22.123333333333335,30,50.4,0.0,week,Toronto · Canada,CA,CAN,region,CA-ON,open_meteo,43.6532,-79.3832,America/Toronto,north,humid continental,comparison,2024,9,Sep,-0.1064377538375856,0.31862407862407854,18.603333333333335,50.82,0.4366666666666674,-0.4200000000000017
2024-10-01,toronto,12.838709677419354,9.535483870967743,16.49032258064516,31,38.74193548387097,0.0,week,Toronto · Canada,CA,CAN,region,CA-ON,open_meteo,43.6532,-79.3832,America/Toronto,north,humid continental,comparison,2024,10,Oct,-0.7689120462631517,0.141031941031941,12.779354838709676,38.66451612903226,0.059354838709678504,0.07741935483871032
2024-11-01,toronto,7.44,5.22,9.643333333333334,30,33.46666666666667,0.0,week,Toronto · Canada,CA,CAN,region,CA-ON,open_meteo,43.6532,-79.3832,America/Toronto,north,humid continental,comparison,2024,11,Nov,-1.068681358072765,0.06067158067158068,5.461333333333334,34.1,1.9786666666666664,-0.6333333333333329
2024-12-01,toronto,0.1645161290322581,-2.235483870967742,2.7129032258064516,31,35.03225806451613,0.0,week,Toronto · Canada,CA,CAN,region,CA-ON,open_meteo,43.6532,-79.3832,America/Toronto,north,humid continental,comparison,2024,12,Dec,-0.9797159854688521,0.08452088452088449,0.6645161290322581,35.45161290322581,-0.5,-0.4193548387096797
2025-01-01,toronto,-4.587096774193548,-7.377419354838709,-1.7419354838709675,31,36.935483870967744,0.0,week,Toronto · Canada,CA,CAN,region,CA-ON,open_meteo,43.6532,-79.3832,America/Toronto,north,humid continental,comparison,2025,1,Jan,-0.8715643992676665,0.11351351351351352,-3.113548387096774,34.535483870967745,-1.4735483870967743,2.3999999999999986
2025-02-01,toronto,-4.446428571428571,-7.75,-0.9642857142857144,28,39.857142857142854,0.0,week,Toronto · Canada,CA,CAN,region,CA-ON,open_meteo,43.6532,-79.3832,America/Toronto,north,humid continental,comparison,2025,2,Feb,-0.7055399303777115,0.15802035802035794,-2.767610837438424,37.495073891625616,-1.6788177339901473,2.3620689655172384
2025-03-01,toronto,2.1096774193548384,-2.009677419354839,6.300000000000001,31,50.41935483870968,0.0,week,Toronto · Canada,CA,CAN,region,CA-ON,open_meteo,43.6532,-79.3832,America/Toronto,north,humid continental,comparison,2025,3,Mar,-0.1053379071982513,0.3189189189189189,2.0064516129032257,44.95483870967742,0.10322580645161272,5.464516129032262
2025-04-01,toronto,6.373333333333334,2.36,10.55,30,54.53333333333333,0.0,week,Toronto · Canada,CA,CAN,region,CA-ON,open_meteo,43.6532,-79.3832,America/Toronto,north,humid continental,comparison,2025,4,Apr,0.12844060625131645,0.3815888615888615,6.866,52.08,-0.4926666666666657,2.453333333333333
2025-05-01,toronto,11.535483870967743,8.470967741935485,14.919354838709678,31,68.83870967741936,0.0,week,Toronto · Canada,CA,CAN,region,CA-ON,open_meteo,43.6532,-79.3832,America/Toronto,north,humid continental,comparison,2025,5,May,0.9413494779013567,0.5995085995085995,12.926451612903225,69.01290322580645,-1.3909677419354818,-0.17419354838709467
2025-06-01,toronto,19.043333333333333,15.536666666666669,22.706666666666667,30,83.66666666666667,0.0,week,Toronto · Canada,CA,CAN,region,CA-ON,open_meteo,43.6532,-79.3832,America/Toronto,north,humid continental,comparison,2025,6,Jun,1.783954208813417,0.8253890253890254,19.055333333333333,77.63333333333334,-0.012000000000000455,6.033333333333331
2025-07-01,toronto,23.64516129032258,19.625806451612902,27.293548387096777,31,95.12903225806453,0.0,week,Toronto · Canada,CA,CAN,region,CA-ON,open_meteo,43.6532,-79.3832,America/Toronto,north,humid continental,comparison,2025,7,Jul,2.4353078296634942,1.0,22.12258064516129,81.69677419354839,1.522580645161291,13.432258064516134
2025-08-01,toronto,21.593548387096774,18.138709677419353,24.906451612903226,31,77.90322580645162,0.0,week,Toronto · Canada,CA,CAN,region,CA-ON,open_meteo,43.6532,-79.3832,America/Toronto,north,humid continental,comparison,2025,8,Aug,1.4564443206561548,0.7375921375921375,21.73483870967742,70.83225806451613,-0.14129032258064456,7.07096774193549
2025-09-01,toronto,18.353333333333335,14.96,21.913333333333338,30,54.53333333333333,0.0,week,Toronto · Canada,CA,CAN,region,CA-ON,open_meteo,43.6532,-79.3832,America/Toronto,north,humid continental,comparison,2025,9,Sep,0.12844060625131645,0.3815888615888615,18.603333333333335,50.82,-0.25,3.713333333333331
2025-10-01,toronto,12.764516129032256,9.861290322580643,15.751612903225809,31,42.87096774193548,0.0,week,Toronto · Canada,CA,CAN,region,CA-ON,open_meteo,43.6532,-79.3832,America/Toronto,north,humid continental,comparison,2025,10,Oct,-0.5342780965385463,0.20393120393120384,12.779354838709676,38.66451612903226,-0.01483870967742007,4.206451612903223
2025-11-01,toronto,4.326666666666667,1.88,7.216666666666667,30,40.46666666666667,0.0,week,Toronto · Canada,CA,CAN,region,CA-ON,open_meteo,43.6532,-79.3832,America/Toronto,north,humid continental,comparison,2025,11,Nov,-0.6709034901802694,0.1673054873054873,5.461333333333334,34.1,-1.134666666666667,6.366666666666667
2025-12-01,toronto,-2.5483870967741935,-6.335483870967742,0.8064516129032258,31,45.12903225806452,0.0,week,Toronto · Canada,CA,CAN,region,CA-ON,open_meteo,43.6532,-79.3832,America/Toronto,north,humid continental,comparison,2025,12,Dec,-0.40596265528290215,0.23832923832923833,0.6645161290322581,35.45161290322581,-3.2129032258064516,9.677419354838712
